"Sector_score","PARA_A","Score_A","Risk_A","PARA_B","Score_B","Risk_B","TOTAL","numbers","Risk_C","Money_Value","Score_MV","Risk_D","District_Loss","PROB","RiSk_E","History","Prob","Risk_F","Score","Inherent_Risk","CONTROL_RISK","Detection_Risk","Audit_Risk","Risk"
3.89,0,0.2,0,4.83,0.2,0.966,4.83,5,1,0.94,0.2,0.188,2,0.2,0.4,0,0.2,0,2,2.554,0.4,0.5,0.5108,"not.fraudulent"
3.89,0,0.2,0,10.8,0.6,6.48,10.8,6,3.6,11.75,0.6,7.05,2,0.2,0.4,0,0.221409035409035,0,4.4,17.53,0.4,0.5,3.506,"fraudulent"
3.89,0,0.2,0,0.08,0.2,0.016,0.08,5,1,0,0.2,0,2,0.2,0.4,0,0.2,0,2.02357081445395,1.416,0.4,0.5,0.2832,"not.fraudulent"
3.89,0.286311820693394,0.2,0,0.83,0.2,0.166,0.83,5,1,2.95,0.2,0.59,2,0.2,0.4,0,0.2,0,2,2.156,0.4,0.5,0.4312,"not.fraudulent"
3.89,1.1,0.4,0.44,7.41,0.4,2.964,8.51,5,1,44.95,0.6,26.97,2,0.2,0.4,0,0.2,0,3.87001273236567,31.774,0.4,0.5,6.3548,"fraudulent"
3.89,8.4,0.6,5.04,11.05,0.6,6.63,19.45,5.5,2.2,7.34,0.4,2.936,2,0.2,0.4,0.152837301587302,0.2,0,4.2,17.206,0.4,0.5,3.4412,"fraudulent"
3.89,3.61265454623879,0.6,2.388,0.99,0.2,0.198,4.97,5,1,1.93,0.2,0.386,2,0.2,0.4,0,0.2,0,2.4,4.372,0.4,0.5,0.8744,"not.fraudulent"
3.89,5.47,0.6,3.28647767118502,7.63,0.4,3.052,13.1,5,1,10.43,0.6,6.258,2,0.2,0.4,1,0.4,0.4,3.6,14.392,0.8,0.5,5.7568,"fraudulent"
3.89,0,0.2,0,0.84,0.2,0.168,0.84,5,1,0.007,0.2,0.0014,2,0.2,0.4,0,0.2,0,2,1.5694,0.4,0.5,0.31388,"not.fraudulent"
3.89,1.95,0.4,0.78,9.01,0.4,3.604,10.96,5,1,9,0.4,3.6,2,0.2,0.4,0,0.2,0,3,9.384,0.4,0.5,1.8768,"fraudulent"
3.89,8.54,0.6,5.124,31.63,0.6,18.978,40.17,5,1,41.28,0.6,24.768,2,0.2,0.4,1,0.4,0.4,3.99481792717087,50.67,0.8,0.5,20.268,"fraudulent"
3.89,4.18,0.6,2.508,4.83,0.2,0.966,9.01,5.5,2.2,14.03,0.6,8.418,2,0.2,0.4,0,0.2,0,3.2,19.9617842924671,0.4,0.5,2.8984,"fraudulent"
3.89,1.81,0.4,0.724,1.03,0.2,0.206,2.84,5,1,0,0.2,0,2,0.2,0.4,0,0.2,0,2.2,2.33,0.4,0.5,0.466,"not.fraudulent"
3.89,6.26,0.6,3.756,14.1,0.6,8.46,20.36,5,1,34.24,0.6,20.544,2,0.2,0.4,1,0.4,0.4,4.2,34.56,0.8,0.5,13.824,"fraudulent"
3.89,0.02,0.2,0.004,2.89161623110796,0.4,2.376,5.96,5,1,0.01,0.2,0.002,2,0.2,0.4,0,0.2,0,2.6,3.782,0.4,0.5,0.7564,"not.fraudulent"
3.89,5.31,0.6,3.186,22.79,0.6,13.674,28.1,5,1,205.19,0.6,123.114,2,0.2,0.4,1,0.4,0.4,4.2,141.774,0.8,0.5,56.7096,"fraudulent"
3.89,0.94,0.2,0.188,0.01,0.2,0.002,0.95,5,1,0.1,0.2,0.02,2,0.2,0.4,0,0.2,0,2,1.61,0.4,0.5,0.322,"not.fraudulent"
3.89,7.42,0.6,4.452,2.24,0.2,0.448,9.66,5,1,1.25,0.2,0.25,2,0.2,0.4,0,0.2,0,2.4,6.55,0.4,0.5,2.63076545591379,"fraudulent"
3.89,0,0.2,0,1.1,0.2,0.22,1.1,5,1,0.007,0.2,0.0014,2,0.2,0.4,0,0.2,0,2,1.6214,0.4,0.5,0.32428,"not.fraudulent"
3.89,0,0.2,0,0.75,0.2,0.15,0.75,5,1,6.78,0.4,2.712,2,0.2,0.4,0,0.2,0,2.2,4.262,0.4,0.5,0.8524,"not.fraudulent"
3.89,2.4,0.6,1.44,16.63,0.6,9.978,19.03,5,1,1.16,0.2,0.232,2,0.2,0.4,0,0.2,0,3.6,13.05,0.4,0.5,2.61,"fraudulent"
3.89,0,0.2,0,0.05,0.2,0.01,0.05,5,1,152.41,0.6,91.446,2,0.242698412698412,0.4,0,0.2,0,2.4,92.856,0.4,0.5,18.5712,"fraudulent"
3.89,0,0.2,0,2.97,0.2,0.594,2.97,5,1,2.84,0.2,0.568,2,0.2,0.4,0,0.2,0,2,2.562,0.4,0.5,0.5124,"not.fraudulent"
3.89,0,0.2,0,0.43,0.2,0.086,0.43,5,1.00149545772187,0,0.2,0,2,0.2,0.4,0,0.2,0,2,1.486,0.4,0.5,0.2972,"not.fraudulent"
3.89,0,0.2,0,0.94,0.2,0.188,0.94,5,1.00149545772187,0.9,0.2,0.18,2,0.2,0.4,0,0.2,0,2,1.768,0.4,0.5,0.3536,"not.fraudulent"
3.89,9.01,0.6,5.406,19.82,0.6,11.892,28.83,5.04285714285714,1,9.67,0.4,3.868,2,0.2,0.4,0,0.2,0,3.8,22.566,0.4,0.5,4.5132,"fraudulent"
3.89,0,0.2,0,0.05,0.2,0.01,0.05,5,1,0,0.2,0,2,0.2,0.4,0,0.2,0,2,1.41,0.4,0.5,0.282,"not.fraudulent"
3.89,7.97,0.6,4.782,17.18,0.6,10.308,25.15,5,1.07074074074074,935.03,0.6,561.018,2,0.2,0.4,0,0.2,0,4,577.508,0.4,0.5,115.5016,"fraudulent"
3.89,0,0.2,0,3.71,0.2,0.742,3.71,5,1,29.63,0.6,17.778,2,0.2,0.4,0,0.2,0,2.4,19.92,0.4,0.5,3.984,"fraudulent"
3.89,0.62,0.2,0.124,2.02,0.2,0.404,1.13920872411133,5,1,0.11,0.2,0.022,2,0.2,0.4,0,0.2,0,2,1.95,0.4,0.5,0.39,"not.fraudulent"
3.89,0,0.2,0,0.503142863237715,0.2,0.454,2.27,5,1,2.62,0.2,0.524,2,0.2,0.4,0,0.2,0,2,2.378,0.4,0.5,0.4756,"not.fraudulent"
3.89,0,0.2,0,0,0.2,0,0,5,1.00149545772187,0,0.2,0,2,0.2,0.4,0,0.2,0,2,1.4,0.4,0.5,0.28,"not.fraudulent"
3.89,1.17875581067406,0.4,0.528,0,0.2,0,1.32,5,1,0.06,0.2,0.012,2,0.2,0.4,0,0.2,0,2.2,1.94,0.4,0.5,0.388,"not.fraudulent"
3.89,0,0.2,0,1.03,0.2,0.206,1.03,5,1,2.43,0.2,0.486,2,0.2,0.4,0,0.2,0,2,2.092,0.4,0.5,0.4184,"not.fraudulent"
3.89,0,0.2,0,15.38,0.6,9.228,15.38,5,1,126.13,0.6,75.678,2,0.2,0.4,0.127142857142857,0.2,0,3.6,86.306,0.4,0.5,17.2612,"fraudulent"
3.89,0,0.2,0,1.02,0.2,0.204,1.02,5,1,0,0.2,0,2,0.2,0.4,0,0.2,0,2,1.604,0.4,0.5,0.3208,"not.fraudulent"
3.89,0,0.2,0,20.71,0.6,12.426,20.71,5,1,20.79,0.6,12.474,2,0.2,0.4,2,0.6,0.185952380952381,4,27.5,1.6,0.5,22,"fraudulent"
3.89,0,0.2,0,18.05,0.6,10.83,18.05,5,1,2.29,0.2,0.458,2,0.2,0.4,0,0.2,0,3.2,12.688,0.4,0.5,2.5376,"fraudulent"
3.89,0,0.2,0,0.93,0.2,0.186,0.93,5,1,7.78,0.4,3.112,2,0.2,0.4,0,0.2,0,2.2,10.1383240515059,0.4,0.5,0.9396,"not.fraudulent"
3.89,0,0.2,0,1.61,0.2,0.322,1.61,5,1,2.51,0.2,0.502,2,0.2,0.401339133625349,0,0.2,0,2,2.224,0.4,0.5,0.4448,"not.fraudulent"
3.89,6.32,0.6,3.792,9.01,0.4,3.604,15.33,5,1,8.31,0.4,3.324,2,0.2,0.4,0,0.2,0,3.2,12.12,0.4,0.5,2.424,"fraudulent"
3.89,0,0.2,0,1.05,0.2,0.21,1.05,5,1,0.16,0.2,0.032,2,0.2,0.4,0,0.2,0,2,1.642,0.4,0.5,0.3284,"not.fraudulent"
3.89,0,0.2,0,6.8,0.4,2.72,6.8,5,1,47.9,0.6,28.74,2,0.2,0.401339133625349,0,0.2,0,3,32.86,0.4,0.5,6.572,"fraudulent"
3.89,14.04,0.6,8.424,10.83,0.6,6.498,24.87,5,1,8.91,0.4,3.564,2,0.2,0.4,0.0142857142857143,0.2,0,3.8,19.886,0.4,0.5,3.9772,"fraudulent"
3.89,6.67,0.6,4.002,18.02,0.6,11.3328420588235,24.69,5.5,2.2,4.95,0.2,0.99,2,0.2,0.4,2,0.6,1.2,4.4,19.604,1.6,0.5,15.6832,"fraudulent"
3.89,0.286311820693394,0.2,0,0,0.2,0,0,5,1,1.75,0.2,0.35,2,0.2,0.4,0,0.2,0,2,1.75,0.4,0.5,0.35,"not.fraudulent"
3.89,0,0.2,0,0.08,0.2,0.016,0.08,5,1,0.68,0.2,0.136,2,0.2,0.4,0,0.2,0,2,1.552,0.4,0.5,0.3104,"not.fraudulent"
3.89,1.26,0.4,0.504,0.05,0.2,0.01,1.31,5,1,0,0.2,0,2,0.2,0.4,0,0.2,0,2.2,1.914,0.4,0.5,0.3828,"not.fraudulent"
3.89,0,0.2,0,0.79,0.2,0.158,0.79,5,1.00149545772187,15.82,0.6,9.492,2,0.2,0.4,0,0.2,0,2.4,11.05,0.4,0.5,2.21,"fraudulent"
3.89,8.81,0.6,5.286,9.02,0.4,3.608,17.83,5,1,215.31,0.6,129.186,2,0.2,0.4,1,0.4,0.4,3.6,139.88,0.8,0.5,55.952,"fraudulent"
3.89,14.2562200577201,0.6,8.352,2.2,0.2,0.44,16.12,5,1,0.05,0.2,0.01,2,0.2,0.4,0,0.2,0,2.4,10.202,0.4,0.5,2.0404,"fraudulent"
3.89,0,0.2,0,0.89,0.2,0.178,0.89,5,1,0,0.2,0,2,0.2,0.4,0,0.2,0,2,1.578,0.4,0.5,0.3156,"not.fraudulent"
3.89,0,0.2,0.103816965569782,3.98,0.2,0.796,3.98,6,3.6,53.34,0.6,32.004,2,0.2,0.4,0,0.2,0,3.2,36.8,0.4,0.5,7.36,"fraudulent"
3.89,10,0.6,6,74.26,0.6,44.556,84.26,5.5,2.2,11.16,0.6,6.696,2,0.2,0.4,3,0.6,1.8,4.8,61.652,2.2,0.5,67.8172,"fraudulent"
3.89,12.27,0.6,7.362,72.46,0.6,43.476,84.73,5,1,5.69,0.4,2.276,2,0.2,0.4,0,0.2,0,3.8,54.514,0.4,0.5,10.9028,"fraudulent"
3.89,0,0.2,0,0.96,0.2,0.192,0.96,5,1,1.35,0.2,0.27,2,0.2,0.4,0,0.2,0,2,1.862,0.4,0.5,0.3724,"not.fraudulent"
3.89,0,0.2,0,63.13,0.6,37.878,63.13,5.04285714285714,1,14.6,0.6,8.76,2,0.2,0.4,1,0.4,0.4,3.8,48.438,0.8,0.5,19.3752,"fraudulent"
3.89,1.99,0.4,0.796,10.24,0.6,6.144,12.23,5,1,20.78,0.6,12.468,2,0.2,0.4,0,0.2,0,3.8,20.808,0.4,0.5,4.1616,"fraudulent"
3.89,0.05,0.2,0.01,0.21,0.2,0.042,11.3501668149197,5.5,2.2,102.22,0.6,61.332,2,0.2,0.4,0,0.2,0,2.8,63.984,0.4,0.5,12.7968,"fraudulent"
3.89,0,0.2,0,7.37,0.4,2.948,4.48831144448449,5,1,0.74,0.2,0.148,2,0.2,0.4,0,0.2,0,2.6,4.496,0.4,0.5,0.8992,"not.fraudulent"
3.89,71.48,0.6,42.888,25.63,0.6,15.378,97.11,5,1,873.37,0.6,524.022,2,0.2,0.401339133625349,0,0.2,0,4,583.688,0.4,0.5,116.7376,"fraudulent"
3.89,0,0.2,0,0,0.2,0,0,5,1,0,0.2,0,2,0.2,0.4,0,0.2,0,2,1.4,0.4,0.5,0.28,"not.fraudulent"
3.89,0,0.2,0,0.58,0.2,0.116,0.58,5,1,0,0.2,0,2,0.2,0.4,0,0.2,0,2,1.516,0.4,0.5,0.3032,"not.fraudulent"
3.89,8.46,0.6,5.076,72.76,0.6,43.656,81.22,5,1,1.4,0.2,0.28,2,0.4,0.8,0.470694444444444,0.6,1.2,4.2,52.012,2,0.5,52.012,"fraudulent"
3.89,0.42,0.2,0.084,0.07,0.2,0.014,0.49,5,1,0.42,0.2,0.084,2,0.2,0.4,0,0.2,0,2,1.582,0.4,0.5,0.3164,"not.fraudulent"
3.89,6.85,0.6,4.11,65.93,0.6,39.558,72.78,5.5,2.2,6.02,0.4,2.408,4,0.2,0.8,0,0.2,0.101904761904762,4.4,49.076,0.8,0.5,19.6304,"fraudulent"
3.89,5.37,0.6,3.222,8.62,0.4,3.448,13.99,5,1,17.16,0.6,10.296,4,0.2,0.8,0,0.2,0,3.6,18.766,0.8,0.5,7.5064,"fraudulent"
3.89,4.93,0.6,2.958,6.54,0.4,2.616,11.47,5.5,2.2,12.91,0.6,7.746,4,0.2,0.8,0,0.2,0,4,16.32,0.8,0.5,6.528,"fraudulent"
3.89,1.22,0.4,0.488,0.06,0.2,0.012,1.28,5,1,0,0.2,0,4,0.2,0.8,0,0.2,0,2.4,2.3,0.8,0.5,0.92,"not.fraudulent"
3.89,15.72,0.6,9.432,57.94,0.6,34.764,73.66,6,3.6,10.79,0.6,6.474,5.88421052631579,0.2,1.2,0,0.2,0,5.2,55.47,1.2,0.5,33.282,"fraudulent"
3.89,4.95,0.6,2.97,42.61,0.6,25.566,47.56,5,1,3.46,0.2,0.692,6,0.2,1.2,1,0.4,0.4,4.2,31.828,1.6,0.5,25.4624,"fraudulent"
3.89,0,0.2,0,0.08,0.2,0.016,0.08,5,1,0.06,0.2,0.012,6,0.2,1.2,0,0.2,0,2.4,2.228,1.2291452991453,0.5,1.3368,"fraudulent"
3.89,1.19,0.4,0.476,12.88,0.6,7.728,14.07,5,1,2.33,0.2,0.466,6,0.2,1.2,0.0392857142857143,0.2,0,3.8,10.87,1.2,0.5,6.522,"fraudulent"
3.89,5.11823703194953,0.6,3.882,12.18,0.6,7.308,18.65,5,1,25.27,0.6,15.162,6,0.2,1.2,0,0.2,0,4.4,28.552,1.2,0.5,17.1312,"fraudulent"
3.89,1.33,0.4,0.532,0,0.2,0,1.33,5,1.00149545772187,0.2,0.2,0.04,6,0.2,1.2,0,0.2,0,2.6,2.772,1.2,0.5,1.6632,"fraudulent"
3.89,0,0.2,0,1.1,0.2,0.22,1.1,5,1,0,0.2,0,6,0.2,1.2,0,0.2,0,2.4,2.29436937722535,1.2,0.5,1.452,"fraudulent"
3.89,2.57,0.6,1.542,4.49,0.2,0.898,7.06,5,1,7.56,0.4,3.024,2,0.2,0.4,1,0.4,0.4,2.8,7.264,0.8,0.5,2.9056,"fraudulent"
3.89,0.77,0.2,0.154,18.31,0.6,10.986,19.08,5,1,67.03,0.6,40.218,2,0.2,0.4,0,0.2,0,3.6,52.758,0.4,0.5,10.5516,"fraudulent"
3.30669709016955,5.23,0.6,3.138,5.89,0.4,2.356,11.12,5,1,19.4,0.6,11.64,2,0.2,0.4,0,0.2,0,3.4,18.534,0.4,0.5,3.7068,"fraudulent"
3.89,6.59,0.6,3.954,23.66,0.6,14.196,30.25,5,1,34.83,0.6,20.898,2,0.255992063492063,0.4,1,0.4,0.4,4.2,40.848,0.8,0.5,16.3392,"fraudulent"
3.89,1,0.4,0.4,0,0.2,0,1.13920872411133,5,1,0.36,0.2,0.072,2,0.2,0.4,0,0.2,0,2.2,1.872,0.4,0.5,0.3744,"not.fraudulent"
3.89,2.63,0.6,1.578,2.55,0.2,0.51,5.18,5,1,0,0.2,0,2,0.2,0.4,0,0.2,0,2.4,3.488,0.4,0.5,0.6976,"not.fraudulent"
17.1960966216231,0,0.2,0,0.87,0.2,0.174,0.87,5,1,0,0.2,0,2,0.2,0.4,0,0.2,0,2,1.574,0.4,0.5,0.3148,"not.fraudulent"
3.89,10.96,0.6,6.576,41.47,0.6,24.882,52.43,5,1,60.6071464035964,0.6,21.126,2,0.2,0.4,1,0.4,0.4,4.2,54.384,0.8,0.5,21.7536,"fraudulent"
3.89,0,0.2,0,0.23,0.2,0.046,0.23,5,1,0,0.2,0,2,0.2,0.4,0,0.2,0,2,1.446,0.4,0.5,0.2892,"not.fraudulent"
3.41,4.25,0.6,2.55,45.51,0.6,27.306,49.76,5.60829420579421,2.2,8.2,0.4,3.28,2,0.2,0.4,0,0.2,0,4.2,35.736,0.4,0.5,7.1472,"fraudulent"
3.41,1.98,0.4,0.792,51.42,0.6,30.852,53.4,5.5,2.2,20.33,0.6,12.198,2,0.2,0.4,1,0.4,0.4,4.4,46.842,0.8,0.5,18.7368,"fraudulent"
3.41,1.44,0.4,0.576,29.25,0.6,17.55,30.69,5,1,35.13,0.6,21.078,2,0.2,0.4,0,0.2,0,3.8,42.4164783675097,0.4,0.5,8.1208,"fraudulent"
3.41,1.41,0.4,0.564,36.16,0.594900545678578,21.696,37.57,5,1,13.05,0.6,7.83,2,0.6,1.2,0,0.2,0,4.2,32.29,1.2,0.5,19.374,"fraudulent"
3.41,10.08,0.6,6.048,22.31,0.6,13.386,32.39,5.5,2.2,16.82,0.6,10.092,2,0.2,0.4,0,0.2,0.0630952380952381,4.4,32.126,0.4,0.5,6.4252,"fraudulent"
3.41,14.2562200577201,0.6,15.24,51.74,0.6,31.044,77.14,5,1,12.67,0.6,7.602,6,0.2,1.2,2,0.6,1.2,4.8,57.286,2.4,0.5,68.7432,"fraudulent"
3.41,12.28,0.6,7.368,20.62,0.6,12.372,32.9,5,1,10.16,0.6,6.096,2,0.2,0.4,1,0.4,0.4,4.2,27.636,0.8,0.5,8.24154768945952,"fraudulent"
3.41,3.34,0.6,2.004,37.59,0.6,22.554,40.93,5,1,26.95,0.6,16.17,2,0.2,0.4,0,0.2,0,3.99481792717087,42.128,0.4,0.5,8.4256,"fraudulent"
3.41,15.66,0.6,9.396,74.53,0.6,44.718,90.19,5,1,29.07,0.6,17.442,2,0.2,0.4,0.222837301587302,0.2,0,4,72.956,0.4,0.5,14.5912,"fraudulent"
3.41,2.92,0.6,1.752,5.24,0.4,2.096,8.16,5,1,9.76,0.4,3.904,2,0.2,0.4,0,0.2,0,3.2,10.9557684177031,0.4,0.5,1.8304,"fraudulent"
3.41,0.83,0.2,0.166,28.06,0.6,16.836,28.89,5,1.18682614555256,13.31,0.6,7.986,2,0.2,0.4,0,0.2,0,3.6,26.388,0.4,0.5,5.2776,"fraudulent"
3.41,10,0.6,6,47.9,0.6,28.74,57.9,5,1,7.7,0.4,3.08,2,0.2,0.4,0,0.2,0,3.8,39.22,0.408553999339318,0.5,7.844,"fraudulent"
3.41,13.06,0.6,7.836,45.42,0.6,27.252,58.48,5,1,10.4,0.6,6.24,2,0.2,0.4,0.159980158730159,0.2,0,4,42.728,0.4,0.5,8.5456,"fraudulent"
3.41,1.35,0.4,0.54,33.25,0.6,19.95,34.6,5.5,2.2,20.62,0.6,12.372,2,0.2,0.4,0,0.2,0,4.2,35.462,0.4,0.5,7.0924,"fraudulent"
3.41,4.13,0.6,2.478,16.74,0.6,10.044,20.87,5,1,44.02,0.6,26.412,2,0.2,0.4,0,0.2,0,4,40.334,0.4,0.5,8.0668,"fraudulent"
3.41,16.36,0.6,9.816,41.1,0.6,24.66,57.46,5,1,12.0312974469622,0.6,7.218,4,0.2,0.8,0,0.2,0,4.2,43.494,0.8,0.5,17.3976,"fraudulent"
3.41,12.68,0.6,7.608,41,0.6,24.6,53.68,5.5,2.2,11.88,0.6,8.74533623170689,2,0.2,0.4,0,0.2,0,4.4,41.936,0.4,0.5,8.3872,"fraudulent"
3.41,6.61,0.6,3.966,55.62,0.6,33.372,62.23,5,1,57.16,0.6,34.296,2,0.255992063492063,0.8,0,0.2,0,4.2,73.434,0.8,0.5,29.3736,"fraudulent"
3.41,8.03,0.6,4.818,94.43,0.6,56.658,102.46,5.5,2.2,10.65,0.6,6.39,2,0.2,0.4,2,0.6,1.2,4.8,62.2060361904762,1.6,0.5,57.3328,"fraudulent"
3.41,1.64,0.4,0.656,46.21,0.6,27.726,47.85,5,1,2.45,0.2,0.49,2,0.2,0.4,0.0142857142857143,0.2,0,3.4,30.272,0.4,0.5,6.0544,"fraudulent"
3.41,1.17875581067406,0.4,0.484,43.84,0.6,26.304,45.05,5.5,2.2,31.61,0.6,18.966,2,0.2,0.4,0,0.2,0,4.2,48.354,0.4,0.5,9.6708,"fraudulent"
3.41,1.1,0.4,0.44,87.71,0.6,52.626,88.81,5.5,2.2,34.32,0.6,20.592,2,0.2,0.4,0,0.2,0.0752380952380952,4.2,76.258,0.4,0.5,15.2516,"fraudulent"
3.41,3.61265454623879,0.6,2.502,24.37,0.6,14.622,28.54,5,1,4.24,0.2,0.848,2,0.2,0.4,0,0.2,0,3.6,19.372,0.4,0.5,3.8744,"fraudulent"
3.41,12.29,0.6,7.374,25.74,0.6,15.444,38.03,5,1,22.1,0.6,13.26,2,0.255992063492063,0.8,0,0.2,0,4.2,37.878,0.8,0.5,15.1512,"fraudulent"
3.41,12.54,0.6,7.524,31.62,0.6,18.972,44.16,5,1,54.07,0.6,33.7641581954887,2,0.2,0.4,0,0.2,0,4,60.338,0.4,0.5,12.0676,"fraudulent"
3.41,17.26,0.6,10.356,44.22,0.6,26.532,61.48,5,1,27.68,0.6,16.608,2,0.2,0.4,1,0.4,0.4,4.2,55.296,0.8,0.5,22.1184,"fraudulent"
3.41,1.15,0.4,0.46,20.1,0.594900545678578,12.06,21.25,6,3.6,21.45,0.6,12.87,2,0.2,0.4,0,0.2,0,4.6,29.39,0.4,0.5,5.878,"fraudulent"
3.41,20.04,0.6,12.024,48.9,0.6,29.34,68.94,5,1,11.09,0.6,6.654,2,0.2,0.4,0,0.2,0,4,49.418,0.4,0.5,9.8836,"fraudulent"
3.41,12.17,0.6,7.302,47,0.6,28.2,59.17,6,3.6,10.14,0.6,6.084,2,0.2,0.4,0,0.2,0,4.8,45.586,0.4,0.5,9.1172,"fraudulent"
3.41,9.67,0.6,5.802,62.25,0.6,37.35,71.92,5.5,2.2,17.02,0.592336842105263,10.212,2,0.2,0.4,0,0.2,0,4.4,55.964,0.4,0.5,11.1928,"fraudulent"
3.41,3.77,0.6,2.262,40.86,0.6,24.516,44.63,5,1,18,0.6,10.8,2,0.2,0.4,0,0.2,0,4,38.978,0.4,0.5,7.7956,"fraudulent"
3.41,4.73,0.6,2.838,60.22,0.6,36.132,64.95,5,1,69.76,0.6,41.856,2,0.2,0.4,0,0.2,0,4,62.2060361904762,0.4,0.5,16.4452,"fraudulent"
3.41,5.61,0.6,3.366,1.56,0.2,0.312,6.89347179209774,5,1,4.03,0.2,0.806,2,0.2,0.4,0,0.2,0,2.4,5.884,0.4,0.5,1.1768,"fraudulent"
3.41,5.22,0.6,3.132,20.94,0.6,12.564,26.16,5,1,2.44,0.2,0.488,2,0.2,0.4,0,0.2,0,3.6,17.584,0.4,0.5,3.5168,"fraudulent"
3.41,0.31,0.2,0.062,58.12,0.6,34.872,58.43,5,1,78.98,0.6,47.388,2,0.4,0.8,0,0.2,0,3.8,84.122,0.8,0.5,33.6488,"fraudulent"
3.41,16.53,0.6,9.918,72.99,0.6,43.794,89.52,5,1,5.49,0.4,2.196,2,0.2,0.4,1,0.4,0.4,4,57.708,0.8,0.5,22.3364476434676,"fraudulent"
3.41,2.7,0.6,1.62,45.16,0.6,27.096,47.86,5,1,37.79,0.6,22.674,2,0.2,0.4,0,0.2,0,3.99481792717087,52.79,0.4,0.5,10.558,"fraudulent"
3.41,1.07,0.4,0.428,0,0.2,0,1.07,5,1.00149545772187,0,0.2,0,6,0.2,1.2,0,0.2,0,2.6,2.628,1.2,0.5,1.5768,"fraudulent"
3.41,0.93,0.2,0.186,0,0.2,0,0.93,5,1,0,0.2,0,2,0.2,0.4,0,0.2,0,2,1.586,0.4,0.5,0.3172,"not.fraudulent"
3.41,4.01,0.6,2.406,0,0.2,0,4.01,5,1,0,0.2,0,2,0.2,0.4,0,0.2,0,2.4,3.806,0.4,0.5,0.7612,"not.fraudulent"
3.41,1.05,0.4,0.42,0,0.2,0,1.05,5,1,0,0.2,0,2,0.2,0.4,0,0.2,0,2.2,1.82,0.4,0.5,0.364,"not.fraudulent"
3.41,1.17875581067406,0.4,0.404,0,0.2,0,1.01,5,1,0.28,0.2,0.056,2,0.2,0.4,0,0.2,0,2.2,1.86,0.4,0.5,0.372,"not.fraudulent"
3.41,0.91,0.2,0.182,0,0.2,0,0.91,5,1,0,0.2,0,2,0.2,0.4,0,0.2,0,2,2.29436937722535,0.4,0.5,0.3164,"not.fraudulent"
3.41,1.12,0.4,0.448,0,0.200289855072463,0,1.12,5,1,0,0.2,0,2,0.2,0.4,0,0.2,0,2.2,1.848,0.4,0.5,0.3696,"not.fraudulent"
3.41,0.8,0.2,0.16,0,0.2,0,0.8,5,1,0.18,0.2,0.036,2,0.2,0.4,0,0.2,0,2,1.596,0.4,0.5,0.3192,"not.fraudulent"
3.41,0.65,0.2,0.13,0,0.2,0,0.65,5,1,0,0.2,0,2,0.2,0.4,0,0.2,0,2,1.53,0.4,0.5,0.306,"not.fraudulent"
3.41,0.63,0.2,0.126,0,0.2,0,0.63,5,1,0,0.2,0,2,0.2,0.4,0,0.2,0,2.02357081445395,1.526,0.4,0.5,0.3052,"not.fraudulent"
3.41,0.43,0.2,0.086,0,0.2,0,0.43,5,1,0,0.2,0,2,0.2,0.4,0,0.2,0,2.02357081445395,1.486,0.4,0.5,0.2972,"not.fraudulent"
36.8372015648567,0.17,0.2,0.034,0,0.2,0,0.17,5,1,0,0.2,0,2,0.2,0.4,0,0.2,0,2,1.434,0.4,0.5,0.2868,"not.fraudulent"
3.41,0,0.2,0,0,0.2,0,0,5,1,0,0.2,0,2,0.2,0.4,0,0.2,0,2,1.4,0.4,0.5,0.28,"not.fraudulent"
2.72,5.11,0.6,3.066,53.76,0.6,32.256,58.87,6,3.6,48.56,0.6,29.136,2,0.251269841269841,0.4,2,0.6,1.2,5.2,69.658,1.6,0.5,55.7264,"fraudulent"
2.72,4.05,0.6,2.43,21.66,0.6,12.996,25.71,5.5,2.2,18.45,0.6,11.07,2,0.2,0.4,0,0.2,0,4.4,29.096,0.4,0.5,5.8192,"fraudulent"
2.72,2.81,0.6,1.686,4.6,0.2,0.92,7.41,5,1,8.44,0.4,3.376,2,0.2,0.4,0,0.2,0,2.6,7.382,0.4,0.5,1.4764,"fraudulent"
2.72,4.43,0.6,2.658,61.47,0.6,36.882,65.9,5.5,2.27388528138528,39.65,0.6,23.79,2,0.2,0.4,0,0.2,0,4.4,65.93,0.4,0.5,13.186,"fraudulent"
2.72,3.48,0.6,2.088,17.85,0.6,10.71,21.33,5,1,9.53,0.4,3.812,2,0.2,0.4,0,0.2,0,3.8,18.01,0.4,0.5,3.602,"fraudulent"
2.72,4.34,0.6,2.604,24.13,0.6,14.478,28.47,5,1,3.42,0.2,0.684,2,0.2,0.4,0,0.2,0,3.6,19.166,0.4,0.5,3.8332,"fraudulent"
2.72,3.62,0.6,2.172,8.37,0.4,3.348,11.99,5,1,0,0.2,0,2,0.2,0.4,0,0.2,0,3.63467280758457,6.92,0.4,0.5,1.384,"fraudulent"
2.72,1.65,0.4,0.66,20.86,0.6,12.516,22.51,5,1,16.91,0.6,10.146,2,0.2,0.4,0,0.2085,0,3.8,24.722,0.4,0.5,4.9444,"fraudulent"
2.72,3.43,0.6,2.058,1.53,0.2,0.306,4.96,5,1,0,0.2,0,2,0.2,0.4,0,0.2,0,2.4,3.764,0.4,0.5,0.7528,"not.fraudulent"
2.72,3.84,0.6,2.304,98.67,0.6,59.202,102.51,5,1,29.4735013541661,0.6,7.74,2,0.2,0.4,0,0.2,0,4,70.646,0.4,0.5,14.1292,"fraudulent"
2.72,7.42,0.6,4.452,115.87,0.6,69.522,123.29,6,3.6,6.79,0.4,2.716,2,0.2,0.4,0.470694444444444,0.4,0.4,4.8,81.09,0.8,0.5,32.436,"fraudulent"
2.72,7.07,0.6,4.242,35.48,0.6,21.288,42.55,5,1,8.76,0.4,3.504,2,0.2,0.4,0,0.2085,0,3.8,30.434,0.4,0.5,6.0868,"fraudulent"
2.72,3.26,0.6,1.956,5.55,0.4,2.22,8.81,5,1,0.21,0.2,0.042,6,0.2,1.2,0,0.2,0,3.4,6.418,1.2,0.5,3.8508,"fraudulent"
2.72,5.5,0.6,3.3,93.26,0.6,55.956,98.76,5,1,14.27,0.6,8.562,2,0.2,0.4,0.202837301587302,0.2,0,4,69.218,0.4,0.5,13.8436,"fraudulent"
2.72,4.6,0.6,2.76,54.99,0.6,32.994,59.59,5,1,14.1,0.6,8.46,2,0.2,0.4,0,0.2,0,4,45.614,0.4,0.5,9.1228,"fraudulent"
2.72,5.65,0.6,3.39,67.16,0.6,40.296,72.81,6,3.6,27.23,0.6,16.338,2,0.251269841269841,0.4,0,0.2,0,4.8,64.024,0.4,0.5,12.8048,"fraudulent"
2.72,1.33,0.4,0.532,0.35,0.2,0.07,1.68,5,1,0,0.2,0,2,0.2,0.4,0,0.2,0,2.2,2.002,0.4,0.5,0.4004,"not.fraudulent"
2.72,1.73,0.4,0.692,5.64,0.4,2.256,7.37,5,1.00149545772187,13.35,0.6,8.01,2,0.2,0.4,0,0.2,0,3.2,12.358,0.4,0.5,2.4716,"fraudulent"
2.72,3.22,0.6,1.932,55.64,0.6,33.384,58.86,5.12087912087912,1,80.8,0.6,48.48,2,0.4,0.8,0,0.2,0,4.2,85.596,0.8,0.5,34.2384,"fraudulent"
2.72,2.41,0.6,1.446,5.28,0.4,2.112,7.69,5,1,8.95,0.495114619883041,3.58,4,0.2,0.8,0,0.2,0,3.4,8.938,0.8,0.5,3.5752,"fraudulent"
2.72,1.75,0.4,0.7,0.503142863237715,0.2,0.114,2.32,5,1,0,0.2,0,4,0.2,0.8,0,0.2,0,2.4,2.614,0.8,0.5,1.0456,"fraudulent"
2.72,2.18,0.6,1.308,30.81,0.6,18.486,32.99,5,1,5.8,0.495114619883041,2.32,4,0.2,0.8,0,0.2,0,4,23.914,0.8,0.5,9.5656,"fraudulent"
2.72,3.26,0.6,1.956,2.81,0.2,0.562,6.07,6,3.6,21.6,0.6,12.96,4,0.2,0.8,0,0.2,0,3.8,19.878,0.8,0.5,7.9512,"fraudulent"
2.72,4.53,0.6,2.718,87.93,0.6,52.758,92.46,5.12087912087912,1,85.81,0.6,51.486,2,0.2,0.4,0,0.2,0,4,108.362,0.4,0.5,21.6724,"fraudulent"
2.72,4.97,0.6,2.982,42.19,0.6,25.314,47.16,5.5,2.2,45.37,0.6,27.222,2,0.2,0.4,0,0.2,0,4.4,62.2060361904762,0.4,0.5,11.6236,"fraudulent"
2.72,2.13,0.6,1.278,0.59,0.200289855072463,0.118,2.72,5,1,0.76,0.2,0.152,2,0.2,0.4,0,0.2,0,2.4,2.948,0.4,0.5,0.5896,"not.fraudulent"
2.72,1.64,0.4,0.656,0.19,0.2,0.038,1.83,5,1.00149545772187,1.59,0.2,0.318,2,0.2,0.4,0,0.2,0,2.2,2.412,0.4,0.5,0.4824,"not.fraudulent"
2.72,3.99,0.6,2.394,92.05,0.6,55.23,96.04,5,1,15.14,0.6,9.084,2,0.2,0.4,1,0.297075702075702,0.4,4.2,68.508,0.8,0.5,27.4032,"fraudulent"
2.72,2.68,0.6,1.608,38.32,0.6,22.992,41,5,1,7.17,0.4,2.868,2,0.2,0.4,0,0.2,0,3.8,28.868,0.4,0.5,5.7736,"fraudulent"
2.72,2.13,0.6,1.278,42.64,0.6,25.584,44.77,5,1,18.24,0.6,10.944,2,0.2,0.4,0,0.2,0,4,39.206,0.4,0.5,7.8412,"fraudulent"
2.72,4.28,0.6,2.568,1264.63,0.6,758.778,1268.91,5.5,2.2,58.86,0.6,35.316,6,0.2,1.2,2,0.6,1.2,5.2,801.262,2.4,0.5,961.5144,"fraudulent"
2.72,4.36,0.6,2.616,33.91,0.6,20.346,38.27,5.60829420579421,2.2,6.06,0.4,2.424,6,0.4,2.4,0,0.2,0,4.8,29.986,2.4,0.5,35.9832,"fraudulent"
2.72,2.23,0.6,1.338,4.54,0.2,0.908,6.77,5,1,22.8,0.6,13.68,6,0.2,1.2,0,0.2,0,3.2,18.126,1.2,0.5,10.8756,"fraudulent"
2.72,3.04,0.6,1.824,67.37,0.6,40.422,70.41,6.5,3.9,77.47,0.6,46.482,2,0.2,0.4,0,0.234615384615384,0,4.8,93.028,0.4,0.5,18.6056,"fraudulent"
2.72,1.19,0.4,0.476,122.07,0.6,73.242,123.26,5,1,15.2,0.592336842105263,9.12,2,0.2,0.4,0,0.2,0,3.8,84.238,0.4,0.5,16.8476,"fraudulent"
2.72,1.35,0.4,0.54,0,0.2,0,1.35,6,3.6,680.14,0.6,408.084,2,0.2,0.4,0,0.2,0,3.4,42.0692472752737,0.4,0.5,82.5248,"fraudulent"
2.72,1.14,0.4,0.456,0,0.2,0,1.14,5,1,0.71,0.2,0.142,2,0.2,0.4,0,0.2,0,2.2,1.998,0.4,0.5,0.3996,"not.fraudulent"
2.72,1.51,0.4,0.604,0,0.2,0,1.51,5,1,0,0.2,0,2,0.2,0.4,0,0.2,0,2.2,2.004,0.4,0.5,0.4008,"not.fraudulent"
2.72,1.13,0.4,0.452,0,0.2,0,1.13,5,1,0,0.2,0,2,0.2,0.4,0,0.2,0,2.2,1.852,0.4,0.5,0.3704,"not.fraudulent"
2.72,0.96,0.2,0.192,0,0.2,0.182530341258297,0.96,5,1,0,0.2,0,2,0.2,0.4,0,0.2,0,2,1.592,0.4,0.5,0.3184,"not.fraudulent"
2.72,1.6,0.4,0.64,0,0.2,0,1.6,5,1,0,0.2,0,2,0.2,0.4,0,0.2,0,2.2,2.04,0.4,0.5,0.408,"not.fraudulent"
2.72,1.34,0.4,0.536,0,0.2,0,1.34,5,1,0,0.2,0,4,0.2,0.8,0,0.2,0.00666666666666667,2.4,2.336,0.8,0.5,0.9344,"not.fraudulent"
2.72,1.6,0.4,0.64,0,0.2,0,1.6,5,1,0.06,0.2,0.012,2,0.2,0.4,0,0.2,0,2.2,2.052,0.4,0.5,0.4104,"not.fraudulent"
2.72,1.13,0.4,0.452,0,0.2,0,1.13,5,1,0.02,0.2,0.004,2,0.2,0.4,0,0.2,0,2.2,1.856,0.4,0.5,0.3712,"not.fraudulent"
2.72,0,0.2,0,0,0.2,0,1.13920872411133,5,1,0,0.2,0,2,0.2,0.4,0,0.2,0,2,1.4,0.4,0.5,0.28,"not.fraudulent"
2.72,1.05,0.4,0.42,0,0.2,0,1.05,5,1,0,0.2,0,2,0.2,0.4,0,0.2,0,2.2,1.82,0.4,0.5,0.364,"not.fraudulent"
2.72,0,0.2,0,0,0.2,0,0,5,1,0,0.2,0,2,0.2,0.4,0,0.2,0,2,1.4,0.402303999339318,0.5,0.28,"not.fraudulent"
2.72,0,0.2,0,0,0.2,0,0,5,1,30.85,0.6,18.51,2,0.2,0.4,0,0.2,0,2.4,19.91,0.4,0.5,3.982,"fraudulent"
2.72,0,0.2,0,0,0.2,0,0,5,1,0,0.2,0,4,0.2,0.8,0,0.2,0,2.2,1.8,0.8,0.5,0.72,"not.fraudulent"
2.72,0,0.2,0,0,0.2,0,0,5,1,0,0.2,0,2,0.2,0.4,0,0.2,0,2,2.29436937722535,0.4,0.5,0.28,"not.fraudulent"
2.72,0.84,0.2,0.168,0,0.2,0,0.84,5,1,8.21,0.4,3.284,2,0.2,0.4,0,0.2,0,2.2,4.852,0.4,0.5,0.9704,"not.fraudulent"
2.72,0.85,0.2,0.103816965569782,0,0.2,0,0.85,5,1,0,0.2,0,2,0.2,0.4,0,0.2,0,2,1.57,0.4,0.5,0.314,"not.fraudulent"
2.72,0,0.2,0,0.28,0.2,0.056,0.28,5,1,0,0.2,0,2,0.2,0.4,0,0.2,0,2,1.456,0.4,0.5,0.2912,"not.fraudulent"
2.72,0,0.2,0,0.62,0.2,0.124,0.62,5,1,0,0.2,0,2,0.2,0.4,0,0.2,0,2,1.524,0.4,0.5,0.3048,"not.fraudulent"
2.37,1.63,0.4,0.652,5.86,0.6,3.516,7.49,5,1,3.69,0.2,0.738,2,0.2,0.4,0,0.2,0,3.4,6.306,0.4,0.5,1.2612,"fraudulent"
2.37,3.75,0.6,2.25,1.25,0.410939007217039,0.5,5,6,3.6,11.25,0.6,6.75,6,0.2,1.2,0,0.2,0,4.6,14.3,1.2,0.5,8.58,"fraudulent"
2.37,2.29,0.6,1.374,2.64,0.6,1.584,4.93,5,1,3.08,0.2,0.616,2,0.2,0.4,0,0.2,0,3.63467280758457,4.974,0.4,0.5,0.9948,"not.fraudulent"
2.37,2.21,0.6,1.326,5.21,0.6,3.126,7.42,5,1,3.43,0.2,0.686,2,0.2,0.4,0,0.2,0,3.6,6.538,0.4,0.5,1.3076,"fraudulent"
2.37,2.22,0.6,1.332,6.23,0.6,3.738,8.45,5,1,0.89,0.2,0.178,2,0.2,0.4,0,0.2,0,3.6,6.648,0.4,0.5,1.3296,"fraudulent"
2.37,1.67,0.4,0.668,0.39,0.2,0.078,2.06,5,1,1.43,0.2,0.286,2,0.2,0.4,0,0.2,0,2.2,2.432,0.4,0.5,0.4864,"not.fraudulent"
2.37,2.59,0.6,1.554,0.66,0.2,0.132,3.25,5,1,1.28,0.2,0.256,2,0.2,0.4,0,0.2,0,2.4,3.342,0.4,0.5,0.6684,"not.fraudulent"
2.37,3.42,0.6,2.052,10.55,0.6,6.33,13.97,5,1,6.96,0.4,2.784,2,0.2,0.4,0,0.2,0,3.8,12.566,0.4,0.5,2.5132,"fraudulent"
2.37,3.61,0.6,2.166,2.13,0.6,1.278,5.74,5,1,5.41,0.4,2.164,2,0.4,0.8,2,0.6,1.2,4.4,8.608,2,0.5,8.608,"fraudulent"
2.37,1.86,0.4,0.744,4.51,0.6,2.706,6.37,5,1,7.27,0.4,2.908,2,0.2,0.4,0,0.2,0,3.6,7.758,0.4,0.5,1.5516,"fraudulent"
3.30669709016955,1.9,0.4,0.76,7.97,0.6,4.782,9.87,5,1,8.6,0.4,3.44,2,0.2,0.4,1,0.4,0.4,3.8,10.782,0.8,0.5,4.3128,"fraudulent"
2.37,2.6,0.6,1.56,1.14,0.4,0.456,3.74,5,1,9.13479312293376,0.4,3.504,2,0.2,0.4,1,0.4,0.4,3.4,7.32,0.8,0.5,2.928,"fraudulent"
2.37,3.81,0.6,2.286,11.52,0.6,6.912,15.33,5,1,3.25,0.2,0.65,4,0.2,0.8,0,0.2,0.0266666666666667,3.8,11.648,0.8,0.5,4.6592,"fraudulent"
2.37,2.22,0.6,1.332,3.4,0.6,2.04,5.62,5,1,26.28,0.6,15.768,2,0.2,0.4,1,0.4,0.4,4.2,20.94,0.8,0.5,8.376,"fraudulent"
2.37,0.96,0.2,0.192,0.503142863237715,0.2,0.024,1.08,5,1,0.22,0.2,0.044,2,0.2,0.4,0,0.2,0,2,1.66,0.4,0.5,0.332,"not.fraudulent"
2.37,0.81,0.2,0.162,3.944057106684,0.6,2.76,5.41,5,1,1.82,0.2,0.364,2,0.2,0.4,0,0.2,0,3.2,4.686,0.4,0.5,0.9372,"not.fraudulent"
2.37,1.25,0.4,0.5,0.02,0.2,0.004,1.27,5,1,0.82,0.2,0.164,2,0.2,0.4,0,0.2,0,2.2,2.068,0.4,0.5,0.4136,"not.fraudulent"
2.37,0.44,0.2,0.088,0.02,0.2,0.004,0.46,5,1,27.1,0.6,16.26,6,0.2,1.2,0,0.2,0,2.8,42.0692472752737,1.2,0.5,11.1312,"fraudulent"
2.37,1.31,0.4,0.524,0.12,0.2,0.024,1.43,5.5,2.2,0,0.2,0,6,0.2,1.2,0,0.2,0,3,3.948,1.2,0.5,2.3688,"fraudulent"
2.37,0.39,0.2,0.078,0.14,0.2,0.028,0.53,5,1,0.58,0.2,0.116,2,0.2,0.4,0,0.2,0,2,1.622,0.4,0.5,0.3244,"not.fraudulent"
2.37,0.42,0.2,0.084,0.27,0.2,0.054,0.69,5,1,0,0.2,0,2,0.2,0.4,0,0.2,0,2,1.538,0.4,0.5,0.3076,"not.fraudulent"
2.37,1.07,0.4,0.428,0.59,0.2,0.118,1.66,5,1,0,0.2,0,2,0.2,0.4,0,0.2,0,2.2,1.946,0.4,0.5,0.3892,"not.fraudulent"
2.37,1.29,0.4,0.516,0.25,0.2,0.05,1.54,5,1,0,0.2,0,2,0.2,0.4,0,0.2,0,2.2,1.966,0.4,0.5,0.3932,"not.fraudulent"
2.37,0.02,0.2,0.004,0.87,0.2,0.174,0.89,5,1,0.04,0.2,0.008,2,0.2,0.4,0,0.2,0,2,1.586,0.4,0.5,0.538966473132492,"not.fraudulent"
2.37,1.46,0.4,0.584,0.55,0.2,0.11,2.01,5,1,0.67,0.2,0.134,2,0.2,0.4,0,0.2,0,2.2,2.29436937722535,0.4,0.5,0.4456,"not.fraudulent"
2.37,0.84,0.2,0.168,0.06,0.2,0.012,0.9,5,1,0.72,0.2,0.144,2,0.2,0.4,0,0.2,0,2,1.724,0.4,0.5,0.3448,"not.fraudulent"
2.37,0.39,0.2,0.078,0.47,0.200289855072463,0.094,0.86,5,1,0,0.2,0,2,0.2,0.4,0,0.2,0,2,1.572,0.4,0.5,0.3144,"not.fraudulent"
2.37,0.47,0.2,0.094,0.29,0.2,0.182530341258297,0.76,5,1,0.07,0.2,0.014,2,0.2,0.4,0,0.2,0,2,1.566,0.4,0.5,0.3132,"not.fraudulent"
2.37,3.35,0.6,2.01,0.99,0.200289855072463,0.198,4.34,5,1,0.12,0.2,0.024,2,0.2,0.4,0,0.2,0,2.4,3.632,0.4,0.5,0.7264,"not.fraudulent"
2.37,0.32,0.2,0.064,0.49,0.2,0.098,2.43276631117601,5,1,6.73,0.4,2.692,6,0.2,1.2,0,0.2,0,2.6,5.054,1.2,0.5,3.0324,"fraudulent"
2.37,0.51,0.2,0.102,0,0.2,0,0.51,5,1,0,0.2,0,6,0.2,1.2,0,0.2,0,2.4,2.302,1.2,0.5,1.3812,"fraudulent"
2.37,0.286311820693394,0.2,0.062,0.69,0.2,0.138,1,5,1,0,0.2,0,2,0.2,0.4,0,0.2,0,2,1.6,0.4,0.5,0.32,"not.fraudulent"
2.37,0.61,0.2,0.103816965569782,1.54,0.4,0.616,2.15,5,1,0.57,0.2,0.114,2,0.2,0.4,0,0.2,0,2.6,2.252,0.4,0.5,0.4504,"not.fraudulent"
2.37,0.26,0.2,0.052,0.17,0.2,0.034,0.43,5,1,0,0.2,0,2,0.2,0.4,0,0.2,0,2,1.486,0.4,0.5,0.2972,"not.fraudulent"
2.37,0,0.2,0,0,0.2,0,0,5,1,0,0.2,0,6,0.2,1.2,0,0.2,0,2.4,2.2,1.2,0.5,1.32,"fraudulent"
2.37,1.27,0.4,0.508,1.01,0.4,0.404,2.28,5,1,1.15,0.2,0.23,2,0.2,0.4,0,0.2,0,2.8,2.542,0.402303999339318,0.5,0.5084,"not.fraudulent"
2.37,1.62,0.4,0.648,0.49,0.2,0.098,2.11,5,1,0,0.2,0,2,0.2,0.4,0,0.2,0,2.2,2.146,0.4,0.5,0.4292,"not.fraudulent"
2.37,1.54,0.4,0.616,0.46,0.2,0.092,2,5,1,0.57,0.2,0.114,2,0.2,0.4,0,0.2,0,2.2,2.222,0.4,0.5,0.4444,"not.fraudulent"
2.37,0.76,0.2,0.152,0.34,0.2,0.068,1.1,5,1,0,0.2,0,6,0.2,1.2,0,0.2,0,2.4,2.42,1.2,0.5,1.452,"fraudulent"
2.37,0.38,0.2,0.076,0.85,0.2,0.17,1.23,5,1,0.04,0.2,0.008,2,0.2,0.4,0,0.2,0,2,1.654,0.4,0.5,0.3308,"not.fraudulent"
2.37,0,0.2,0,0,0.2,0,0,5,1,0,0.2,0,2,0.2,0.4,0,0.2,0,2,1.4,0.4,0.5,0.28,"not.fraudulent"
2.37,0.02,0.2,0.103816965569782,0.05,0.2,0.01,0.07,5,1,0,0.2,0,2,0.2,0.4,0,0.2,0,2,1.414,0.4,0.5,0.2828,"not.fraudulent"
2.37,0.14,0.2,0.028,0.08,0.2,0.016,0.22,5,1,0,0.2,0,2,0.2,0.4,0,0.2,0,2,1.444,0.4,0.5,0.2888,"not.fraudulent"
2.37,0.09,0.2,0.018,0,0.2,0,0.09,5,1,0,0.2,0,2,0.2,0.4,0,0.2,0,2,1.418,0.4,0.5,0.2836,"not.fraudulent"
2.37,0,0.2,0,0,0.2,0,0,5,1,0,0.2,0,2,0.2,0.4,0,0.2,0,2,1.4,0.4,0.5,0.538966473132492,"not.fraudulent"
2.37,0.01,0.2,0.002,0.007,0.2,0.0014,0.017,5,1,0,0.2,0,2,0.2,0.4,0,0.2,0,2,1.4034,0.4,0.5,0.28068,"not.fraudulent"
2.37,0.17,0.2,0.034,0.04,0.2,0.008,0.21,5,1.00149545772187,0,0.2,0,2,0.2,0.4,0,0.2,0,2,1.442,0.4,0.5,0.2884,"not.fraudulent"
2.37,1.66,0.4,0.664,0.83,0.2,0.166,2.49,5,1,0.31,0.2,0.062,6,0.2,1.2,0,0.2,0,2.6,3.092,1.2,0.5,1.8552,"fraudulent"
2.37,0.5,0.2,0.1,0.04,0.2,0.008,0.54,5,1,0,0.2,0,6,0.2,1.2,0,0.2,0,2.4,2.308,1.2,0.5,1.3848,"fraudulent"
2.37,0.9,0.2,0.18,0.29,0.2,0.058,1.19,5,1,1.22,0.2,0.244,6,0.2,1.2,0,0.2,0,2.4,2.682,1.2,0.5,1.6092,"fraudulent"
2.37,0,0.2,0,0,0.2,0,0,5,1,0.23,0.2,0.046,5.88421052631579,0.2,1.2,0,0.2,0,2.4,2.246,1.2,0.5,1.3476,"fraudulent"
1.99,57.03,0.6,34.218,134.33,0.6,80.598,191.36,5.12087912087912,1,844.37,0.6,506.622,2,0.2,0.4,0,0.2,0,4,622.838,0.4,0.5,124.5676,"fraudulent"
1.99,1.52,0.4,0.608,0,0.200289855072463,0,1.52,5,1,6.96,0.4,2.784,2,0.2,0.4,0,0.2,0,2.4,4.792,0.4,0.5,0.9584,"not.fraudulent"
1.99,0.9,0.2,0.18,0,0.2,0,0.9,5,1,1.95,0.2,0.39,2,0.2,0.4,0,0.2,0,2,2.29436937722535,0.4,0.5,0.394,"not.fraudulent"
1.99,1.19,0.4,0.476,0,0.2,0,1.19,5,1,0,0.2,0,2,0.2,0.4,0,0.2,0,2.2,1.876,0.4,0.5,0.3752,"not.fraudulent"
1.99,0.93,0.2,0.186,0,0.2,0,0.93,5,1,0.428890860190197,0.2,0.022,2,0.2,0.4,0,0.2,0,2,1.608,0.4,0.5,0.3216,"not.fraudulent"
1.99,1.71,0.4,0.684,0,0.200289855072463,0,1.71,5,1,0.09,0.2,0.018,2,0.2,0.4,0,0.2,0,2.2,2.102,0.4,0.5,0.4204,"not.fraudulent"
1.99,0.76,0.2,0.152,0,0.2,0,0.76,5,1,7.48,0.4,2.992,2,0.2,0.4,0,0.2,0,2.2,4.544,0.4,0.5,0.9088,"not.fraudulent"
1.99,0.96,0.2,0.192,0,0.2,0,0.96,5,1,9.45,0.4,3.78,2,0.2,0.401339133625349,0,0.2,0,2.2,5.372,0.4,0.5,1.0744,"fraudulent"
1.99,1.26,0.4,0.504,0,0.2,0,1.26,5,1,0,0.2,0,2,0.2,0.4,0,0.2,0,2.2,1.904,0.4,0.5,0.3808,"not.fraudulent"
1.99,0.55,0.2,0.11,0,0.2,0,0.55,5,1,0.67,0.2,0.134,2,0.2,0.4,0,0.2,0,2,1.644,0.4,0.5,0.3288,"not.fraudulent"
1.99,0.29,0.2,0.058,0,0.2,0,0.29,5,1,0.06,0.2,0.012,2,0.2,0.4,0,0.2,0,2,1.47,0.4,0.5,0.294,"not.fraudulent"
1.99,1.34,0.4,0.536,0,0.2,0,1.34,5,1,0,0.2,0,2,0.2,0.4,0,0.2,0,2.2,1.936,0.4,0.5,0.3872,"not.fraudulent"
1.99,0.56,0.2,0.112,0.503142863237715,0.2,0,0.56,5,1,1.75,0.2,0.35,2,0.2,0.4,0,0.2,0,2,1.862,0.4,0.5,0.3724,"not.fraudulent"
1.99,0.86,0.2,0.172,0,0.2,0,0.86,5,1,0,0.2,0,5.88421052631579,0.2,1.2,0,0.2,0,2.4,2.372,1.2,0.5,1.4232,"fraudulent"
1.99,1.62,0.4,0.648,0,0.2,0,1.62,5,1,0,0.2,0,6,0.2,1.2,0,0.2,0,2.6,2.848,1.2,0.5,1.7088,"fraudulent"
1.99,0.59,0.2,0.118,0,0.2,0,0.59,5,1.00149545772187,0,0.2,0,6,0.2,1.2,0,0.2,0,2.4,2.318,1.2,0.5,1.3908,"fraudulent"
1.99,1.1,0.4,0.44,0,0.2,0,1.1,5,1,0,0.2,0,2,0.2,0.4,0,0.2,0,2.2,1.84,0.4,0.5,0.368,"not.fraudulent"
1.99,1.03,0.4,0.412,0,0.2,0,1.03,5,1,27.28,0.6,16.368,2,0.2,0.4,0,0.2,0,2.6,18.18,0.4,0.5,3.636,"fraudulent"
1.99,0.66,0.2,0.132,0,0.2,0,0.66,5,1,0.73,0.2,0.146,2,0.2,0.4,0,0.2,0,2,1.678,0.4,0.5,0.3356,"not.fraudulent"
1.99,0.48,0.2,0.096,0,0.2,0,0.48,5,1,0.47,0.2,0.094,2,0.2,0.4,0,0.2,0,2,1.59,0.4,0.5,0.318,"not.fraudulent"
1.99,0.43,0.2,0.086,0,0.2,0,0.43,5,1,13.54,0.6,8.124,2,0.2,0.4,0,0.2,0,2.4,9.61,0.4,0.5,1.922,"fraudulent"
1.99,1.14,0.4,0.456,0,0.2,0,1.14,5,1,41.82,0.6,25.092,2,0.2,0.4,0,0.2,0,2.6,26.948,0.4,0.5,5.3896,"fraudulent"
1.99,0.45,0.2,0.09,0.503142863237715,0.2,0,0.45,5,1,0,0.2,0,2,0.2,0.4,0,0.2,0,2,1.49,0.4,0.5,0.298,"not.fraudulent"
1.99,0.6,0.2,0.12,0,0.2,0,0.6,5,1,0,0.2,0,2,0.2,0.4,0,0.2,0,2,1.52,0.4,0.5,0.304,"not.fraudulent"
1.99,0.85,0.2,0.17,0,0.2,0,0.85,5,1,0,0.2,0,2,0.2,0.4,0,0.2,0,2,1.57,0.4,0.5,0.314,"not.fraudulent"
1.99,1.23,0.4,0.492,0,0.2,0,1.23,5,1,0.11,0.2,0.022,2,0.2,0.4,0,0.2,0,2.2,2.29436937722535,0.4,0.5,0.3828,"not.fraudulent"
1.99,1.53,0.4,0.612,0,0.2,0,1.53,5,1,0.03,0.2,0.006,4,0.2,0.8,0,0.2,0,2.4,2.418,0.8,0.5,0.9672,"not.fraudulent"
1.99,0.56,0.2,0.112,0,0.2,0,0.56,5,1,0,0.2,0,4,0.2,0.8,0,0.2,0,2.2,1.912,0.8,0.5,0.7648,"not.fraudulent"
1.99,1.82,0.4,0.728,0,0.2,0,1.82,5,1,85.13,0.6,51.078,4,0.2,0.8,0.112857142857143,0.2,0,2.8,53.606,0.8,0.5,21.4424,"fraudulent"
1.99,0.44,0.2,0.088,0,0.2,0,0.44,5,1,0.04,0.2,0.008,4,0.2,0.8,0,0.2,0,2.2,1.896,0.8,0.5,0.7584,"not.fraudulent"
1.99,1.46,0.4,0.584,0,0.2,0,1.46,5,1.00149545772187,0,0.2,0,2,0.2,0.4,0,0.2,0,2.2,1.984,0.4,0.5,0.3968,"not.fraudulent"
1.99,1.12,0.4,0.448,0,0.2,0,1.12,5,1,10.98,0.6,6.588,2,0.2,0.4,0,0.2,0,2.6,8.436,0.4,0.5,1.6872,"fraudulent"
1.99,1.56,0.4,0.624,0,0.2,0,1.56,5,1,0.1,0.2,0.02,2,0.2,0.4,0,0.2,0,2.2,2.044,0.4,0.5,0.4088,"not.fraudulent"
1.99,0,0.2,0,0,0.2,0,0,5,1,0,0.2,0,2,0.2,0.4,0,0.2,0,2,1.4,0.4,0.5,0.538966473132492,"not.fraudulent"
1.85,11.24,0.6,6.744,9.49,0.6,5.694,20.73,5.5,2.08855459355459,173.02,0.6,103.812,2,0.2,0.4,0,0.2,0,4.4,118.85,0.4,0.5,23.77,"fraudulent"
1.85,3.7,0.6,2.22,0.503142863237715,0.2,0,3.7,5,1,0.12,0.2,0.024,2,0.2,0.4,0,0.2,0,2.4,3.644,0.4,0.5,0.7288,"not.fraudulent"
1.85,0.95,0.2,0.19,1.33,0.4,0.532,2.28,5,1,0.07,0.2,0.014,4,0.2,0.8,0,0.2,0,2.8,2.536,0.8,0.5,1.0144,"fraudulent"
1.85,13.15,0.6,7.89,1.63,0.4,0.652,14.78,5,1,1.19,0.2,0.238,4,0.2,0.8,0.103571428571429,0.2,0,3.2,10.58,0.8,0.5,4.232,"fraudulent"
1.85,3.17,0.6,1.902,0.44,0.2,0.088,3.61,5,1,0,0.2,0,4,0.2,0.8,0,0.2,0,2.6,3.79,0.8,0.5,1.516,"fraudulent"
1.85,0,0.2,0,0,0.2,0,0,5,1,0,0.2,0,2,0.2,0.4,0,0.2,0,2,1.4,0.4,0.5,0.28,"not.fraudulent"
1.85,0.95,0.2,0.19,0,0.200289855072463,0,0.95,5,1,0.13,0.2,0.026,4,0.4,1.6,0,0.2,0,2.4,2.816,1.6,0.5,2.2528,"fraudulent"
1.85,0,0.2,0,0,0.2,0,3.15757208040678,5,1,10.53,0.6,6.318,4,0.2,0.8,0,0.2,0,2.6,8.118,0.8,0.5,3.2472,"fraudulent"
1.85,9.19,0.6,5.514,4.2,0.6,2.52,13.39,5,1,0.52,0.2,0.104,2,0.2,0.4,0,0.2,0,3.6,9.538,0.408553999339318,0.5,1.9076,"fraudulent"
1.85,0.26,0.2,0.052,0,0.2,0,0.26,5,1,0,0.2,0,2,0.2,0.4,0,0.2,0,2,1.452,0.4,0.5,0.2904,"not.fraudulent"
1.85,0.56,0.2,0.112,72,0.6,43.2,72.56,5,1,0.51,0.2,0.102,2,0.2,0.4,0.0857142857142857,0.2,0,3.2,44.814,0.4,0.5,8.9628,"fraudulent"
1.85,2.96,0.6,1.776,0.15,0.2,0.03,3.11,5,1,0,0.2,0,2,0.2,0.4,0,0.2,0,2.4,3.206,0.4,0.5,0.6412,"not.fraudulent"
1.85,2.48,0.6,1.488,0,0.2,0,2.33181606606231,5,1,0,0.2,0,2,0.2,0.4,0,0.2,0,2.4,2.888,0.4,0.5,0.5776,"not.fraudulent"
1.85,9.94,0.6,5.964,0.44,0.2,0.088,10.38,5,1,0.15,0.2,0.03,2,0.2,0.4,0,0.2,0,2.4,7.482,0.4,0.5,1.4964,"fraudulent"
1.85,5.13,0.6,3.078,0.09,0.2,0.018,5.22,5,1,0.01,0.2,0.002,2,0.2,0.4,0,0.2,0,2.4,4.498,0.4,0.5,0.8996,"not.fraudulent"
1.85,2.49,0.6,1.494,0.29,0.2,0.058,2.78,5,1,0.49,0.2,0.098,2,0.2,0.4,0,0.2,0,2.4,3.05,0.4,0.5,0.61,"not.fraudulent"
1.85,0.71,0.2,0.142,0.66,0.2,0.132,1.37,5,1,0.428890860190197,0.2,0,2,0.2,0.4,0,0.2,0,2,1.674,0.4,0.5,0.3348,"not.fraudulent"
1.85,19.21,0.6,11.526,2.47,0.6,1.482,21.68,5,1,0,0.2,0,6,0.2,1.2,0,0.2,0,4,15.208,1.2,0.5,9.1248,"fraudulent"
1.85,0.18,0.2,0.036,0,0.2,0,0.18,5,1,0,0.2,0,6,0.4,2.4,0.0357142857142857,0.2,0,2.6,3.436,2.4,0.5,4.1232,"fraudulent"
1.85,5.9,0.6,3.54,0,0.2,0,5.9,5,1,0.74,0.2,0.148,6,0.4,2.4,0,0.2,0,3,7.088,2.4,0.5,8.5056,"fraudulent"
1.85,4.04,0.6,2.424,0,0.2,0,4.04,5,1,0.79,0.2,0.158,5.88421052631579,0.2,1.2,0,0.2,0,2.8,4.782,1.2,0.5,2.8692,"fraudulent"
1.85,2.81,0.6,1.686,0.11,0.2,0.022,2.92,5,1,19.45,0.6,11.67,6,0.2,1.2,0,0.2,0,3.2,15.578,1.2,0.5,9.3468,"fraudulent"
1.85,5.87,0.6,3.522,0,0.200289855072463,0,5.87,5,1,0.44,0.2,0.088,6,0.2,1.2,0,0.2,0,2.8,5.81,1.2,0.5,3.486,"fraudulent"
1.85,1.75,0.4,0.7,0,0.2,0,1.75,5,1,0.35,0.2,0.07,6,0.2,1.2,0,0.2,0,2.6,2.97,1.2,0.5,1.782,"fraudulent"
1.85,2.05,0.6,1.23,0,0.2,0.182530341258297,2.05,5,1,3.53,0.2,0.706,6,0.2,1.2,0,0.2,0,2.8,4.136,1.2,0.5,2.4816,"fraudulent"
1.85,0,0.2,0,0,0.2,0,0,5,1,0.428890860190197,0.2,0.008,6,0.4,2.4,0,0.2,0,2.6,3.408,2.4,0.5,4.0896,"fraudulent"
1.85,0.64,0.2,0.128,0.95,0.2,0.19,1.59,5,1,0,0.2,0,2,0.2,0.4,1,0.4,0.4,2.2,2.118,0.8,0.5,0.8472,"not.fraudulent"
1.85,6.95384621905872,0.6,4.422,1.64,0.4,0.656,9.01,5,1,0.08,0.2,0.016,2,0.2,0.4,0,0.2,0,3,6.494,0.4,0.5,1.2988,"fraudulent"
1.85,0.44,0.2,0.088,0.62,0.200289855072463,0.124,1.06,5,1,0.64,0.2,0.128,2,0.2,0.4,0,0.2,0,2,1.74,0.4,0.5,0.348,"not.fraudulent"
1.85,2.89,0.6,1.734,0.11,0.2,0.022,3,5,1,0.04,0.2,0.008,2,0.2,0.4,0,0.2,0,2.4,3.164,0.4,0.5,0.6328,"not.fraudulent"
1.85,0.6,0.2,0.103816965569782,1.14,0.4,0.456,1.74,5,1,0.43,0.2,0.086,2,0.2,0.4,0,0.2,0,2.6,2.062,0.4,0.5,0.4124,"not.fraudulent"
1.85,0.79,0.2,0.158,1.01,0.4,0.404,1.8,5,1,0.57,0.2,0.114,2,0.2,0.4,0,0.2,0,2.6,2.076,0.4,0.5,0.4152,"not.fraudulent"
1.85,4.6,0.6,2.76,1.17,0.4,0.182530341258297,5.77,5,1,0.04,0.2,0.008,2,0.2,0.4,0,0.2,0,3,4.636,0.4,0.5,0.9272,"not.fraudulent"
1.85,7.01,0.6,4.206,1.12,0.4,0.448,8.13,5,1,0.1,0.2,0.02,2,0.2,0.4,0,0.2,0,3,6.074,0.4,0.5,1.2148,"fraudulent"
1.85,2.81,0.6,1.686,0.41,0.2,0.082,3.22,5,1,0,0.2,0,2,0.2,0.4,0,0.2,0,2.4,3.168,0.4,0.5,0.6336,"not.fraudulent"
1.85,0.7,0.2,0.14,0.6,0.2,0.12,1.3,5,1,0.51,0.2,0.102,2,0.2,0.4,0,0.2,0,2,1.762,0.4,0.5,0.3524,"not.fraudulent"
1.85,0.78,0.2,0.156,0.97,0.2,0.194,1.75,5,1,0.97,0.2,0.194,2,0.2,0.4,0,0.2,0,2,1.944,0.4,0.5,0.3888,"not.fraudulent"
1.85,7.09,0.6,4.254,1.95,0.4,0.78,9.04,5,1.00149545772187,0,0.2,0,2,0.2,0.4,0,0.2,0,3,6.434,0.4,0.5,1.2868,"fraudulent"
1.85,3.83,0.6,2.298,0.28,0.2,0.056,4.11,5,1,0.428890860190197,0.2,0,2,0.2,0.4,0,0.2,0,2.4,3.754,0.4,0.5,0.7508,"not.fraudulent"
1.85,11.44,0.6,6.864,1.41,0.4,0.564,12.85,5,1,0.04,0.2,0.008,2,0.2,0.4,0,0.2,0,3,8.836,0.4,0.5,1.7672,"fraudulent"
1.85,4.99,0.6,2.994,0.64,0.2,0.128,5.63,5,1,0,0.2,0,2,0.2,0.4,0,0.2,0,2.4,4.522,0.4,0.5,0.9044,"not.fraudulent"
1.85,8.25,0.6,4.95,1.59,0.4,0.636,9.84,5,1.00149545772187,0.02,0.2,0.004,2,0.2,0.4,0,0.2,0,3,6.99,0.4,0.5,1.398,"fraudulent"
1.85,0.25,0.2,0.05,1.8,0.4,0.72,2.05,5,1.00149545772187,0.74,0.2,0.148,2,0.2,0.4,0,0.2,0,2.6,2.318,0.4,0.5,0.4636,"not.fraudulent"
1.85,6.95384621905872,0.6,4.32,0.43,0.2,0.086,7.63,5,1,0.01,0.2,0.002,2,0.2,0.4,0,0.2,0,2.4,5.808,0.4,0.5,1.1616,"fraudulent"
1.85,5.2,0.6,3.12,0,0.2,0,5.2,5,1,0,0.2,0,2,0.2,0.4,0,0.2,0,2.4,4.52,0.4,0.5,0.904,"not.fraudulent"
1.85,1.16,0.4,0.464,0,0.2,0,1.13920872411133,5,1,0.11,0.2,0.022,6,0.2,1.2,0,0.2,0,2.6,2.686,1.2,0.5,1.6116,"fraudulent"
1.85,0,0.2,0,0,0.2,0,0,5,1,0.19,0.2,0.038,6,0.2,1.2,0,0.2,0,2.4,2.238,1.2,0.5,1.3428,"fraudulent"
1.85,0.79,0.2,0.158,0,0.2,0,0.79,5,1,3.54,0.2,0.708,2,0.2,0.4,0,0.2,0,2.37845757427522,2.266,0.4,0.5,0.4532,"not.fraudulent"
1.85,3.28,0.6,1.94400160391896,0.25,0.2,0.05,3.53,5,1,0.04,0.2,0.008,6,0.2,1.2,0,0.2,0,2.8,4.226,1.2,0.5,2.5356,"fraudulent"
1.85,0.9,0.2,0.18,0,0.2,0,0.9,5,1,0.13,0.2,0.026,5.88421052631579,0.2,1.2,0,0.2,0,2.4,2.406,1.2,0.5,1.4436,"fraudulent"
1.85,5,0.6,3,0.54,0.2,0.108,5.54,5,1,0,0.2,0,2,0.2,0.4,0,0.2,0,2.4,4.508,0.4,0.5,0.9016,"not.fraudulent"
1.85,7.07,0.6,4.242,0.72,0.2,0.144,7.79,5,1,0,0.2,0,2,0.2,0.4,0,0.2,0,2.4,5.786,0.4,0.5,1.1572,"fraudulent"
1.85,3.46,0.6,2.076,0.09,0.2,0.018,3.55,5,1,0.06,0.2,0.012,2,0.2,0.4,0,0.2,0,2.4,3.506,0.4,0.5,0.7012,"not.fraudulent"
1.85,0.6,0.2,0.12,1.08,0.4,0.432,1.68,5,1,0.33,0.2,0.066,2,0.2,0.4,0,0.2,0,2.6,2.018,0.4,0.5,0.4036,"not.fraudulent"
1.85,7.84,0.6,4.704,2.81,0.6,1.686,10.65,5,1,0,0.2,0,2,0.204722222222222,0.8,0,0.2,0,3.8,8.19,0.8,0.5,3.276,"fraudulent"
1.85,0.17,0.2,0.034,0.11,0.2,0.022,0.28,5,1,0,0.2,0,2,0.2,0.4,0,0.2,0,2,1.456,0.4,0.5,0.2912,"not.fraudulent"
1.85,45.23,0.6,27.138,36.18,0.6,21.708,81.41,5,1,0,0.2,0,6,0.2,1.2,0.242123015873016,0.2,0,4,51.046,1.2,0.5,30.6276,"fraudulent"
1.85,1.69,0.4,0.676,0.21,0.2,0.042,1.9,5,1,0,0.2,0,2,0.2,0.4,0,0.2,0,2.2,2.118,0.4,0.5,0.4236,"not.fraudulent"
1.85,0.18,0.2,0.036,0.63,0.2,0.126,0.81,5,1,0,0.2,0,2,0.2,0.4,0,0.2,0,2,1.562,0.4,0.5,0.3124,"not.fraudulent"
1.85,0.01,0.2,0.002,0.503142863237715,0.2,0.182,0.92,5,1,0,0.2,0,2,0.2,0.4,0,0.2,0,2,1.584,0.4,0.5,0.3168,"not.fraudulent"
1.85,1.17,0.4,0.468,0.15,0.2,0.03,1.32,5,1,0,0.2,0,2,0.2,0.4,0,0.2,0,2.2,1.898,0.4,0.5,0.3796,"not.fraudulent"
1.85,0,0.2,0,0,0.2,0,0,5,1,0,0.2,0,2,0.2,0.4,0,0.2,0,2,2.29436937722535,0.4,0.5,0.28,"not.fraudulent"
1.85,0,0.2,0,0,0.2,0,0,5,1,0.2,0.2,0.04,4,0.2,0.8,0,0.2,0,2.2,1.84,0.8,0.5,0.736,"not.fraudulent"
1.85,0,0.2,0,0,0.2,0,0,5,1,0,0.2,0,2,0.2,0.4,0,0.2,0,2,1.4,0.4,0.5,0.28,"not.fraudulent"
1.85,0,0.2,0,0,0.2,0,0,5,1,0,0.2,0,6,0.2,1.2,0,0.2,0,2.4,2.2,1.2,0.5,1.32,"fraudulent"
1.85,3.31,0.6,1.986,0.17,0.2,0.034,3.48,5,1,0,0.2,0.145287373797091,2,0.2,0.4,0,0.2,0,2.4,3.42,0.4,0.5,0.684,"not.fraudulent"
1.85,13.91,0.6,8.346,0.5,0.2,0.1,14.41,5,1,0.19,0.2,0.038,2,0.2,0.4,0,0.2,0,2.4,9.884,0.4,0.5,1.9768,"fraudulent"
2.36,1.71,0.4,0.684,0,0.34520823798627,0,1.71,6.5,3.9,88.4,0.6,53.04,6,0.4,2.4,4,0.6,2.4,4.4,62.424,4.8,0.5,149.8176,"fraudulent"
2.37,1.13,0.4,0.452,3.85,0.6,2.31,8.25839643157837,6.5,3.9,20.89,0.6,12.534,6,0.2,1.2,0,0.2,0,5,20.396,1.2,0.5,12.2376,"fraudulent"
2.37,0.286311820693394,0.2,0.112,0.7,0.2,0.14,1.26,5,1,0,0.2,0,6,0.2,1.2,0,0.2,0,2.4,2.452,1.2,0.5,1.4712,"fraudulent"
2.37,0.56,0.2,0.112,0.08,0.2,0.016,0.64,5,1,0.428890860190197,0.2,0.01,6,0.2,1.2,0,0.2,0,2.4,2.338,1.2,0.5,1.4028,"fraudulent"
2.34,3.95,0.6,2.37,0,0.2,2.91890639338185,0,5.5,2.2,83.96,0.6,50.376,6,0.2,1.2,1,0.4,0.4,3.8,56.546,1.6,0.5,45.2368,"fraudulent"
2.34,0,0.2,0,0,0.2,0,0,5,1,0,0.2,0,2,0.2,0.4,0,0.2,0,2,1.4,0.4,0.5,0.28,"not.fraudulent"
2.34,0,0.2,0,0,0.2,0,0,5,1,0,0.2,0,2,0.2,0.4,0,0.2,0,2,1.4,0.4,0.5,0.28,"not.fraudulent"
2.34,0,0.2,0,0,0.2,0,0,5,1,0.428890860190197,0.2,0,2,0.2,0.4,0,0.2,0,2,1.4,0.4,0.5,0.28,"not.fraudulent"
15.56,20.65,0.6,12.39,0,0.2,0,0,6,3.6,397.31,0.6,238.386,6,0.2,1.2,1,0.4,0.4,4.2,255.976,1.6,0.5,204.7808,"fraudulent"
15.56,3.73,0.6,2.238,2.82,0.6,1.692,6.55,6,3.6,160.41,0.6,96.246,5.88421052631579,0.2,1.2,0,0.2,0,5.2,104.976,1.2,0.5,62.9856,"fraudulent"
15.56,0,0.2,0,0,0.2,0,5.55576571601859,5,1,23.97,0.6,14.382,6,0.2,1.2,0,0.2,0,2.8,16.582,1.2,0.5,9.9492,"fraudulent"
21.61,3.14,0.6,1.884,5.68,0.6,3.408,8.82,5.5,2.2,11.33,0.6,6.798,4,0.2,0.8,0,0.2,0,4.6,15.09,0.8,0.5,6.036,"fraudulent"
24.3199060188855,0.88,0.2,0.176,1.07,0.4,0.428,1.95,5,1,0.76,0.2,0.152,2,0.2,0.4,0,0.2,0,2.6,2.156,0.4,0.5,0.4312,"not.fraudulent"
21.61,0.8,0.2,0.16,0.82,0.2,0.164,1.62,5,1,1.32,0.2,0.264,2,0.2,0.4,0,0.2,0,2,1.988,0.4,0.5,0.3976,"not.fraudulent"
21.61,0,0.2,0,0.39,0.2,0.078,0.39,5,1,0.24,0.2,0.048,2,0.2,0.4,0,0.2,0,2,1.526,0.4,0.5,0.3052,"not.fraudulent"
21.61,0.19,0.2,0.038,0.27,0.2,0.054,0.46,5,1,0.65,0.2,0.13,2,0.2,0.4,0,0.2,0,2,1.622,0.4,0.5,0.3244,"not.fraudulent"
21.61,0.46,0.2,0.092,0.88,0.2,0.176,1.34,5,1,0.58,0.2,0.116,2,0.2,0.4,0,0.2,0,2,1.784,0.4,0.5,0.3568,"not.fraudulent"
21.61,0.31,0.2,0.062,0.28,0.2,0.056,0.59,5,1,0,0.2,0,2,0.2,0.4,0,0.2,0,2,1.518,0.4,0.5,0.3036,"not.fraudulent"
21.61,85,0.6,51,1.06,0.4,0.424,86.06,5,1,0,0.2,0,5.88421052631579,0.2,1.2,0,0.2,0,3.4,53.624,1.2,0.5,32.1744,"fraudulent"
21.61,0.85,0.2,0.17,0.93,0.2,0.186,1.78,5,1,0,0.2,0,2,0.2,0.4,0,0.2,0,2,1.756,0.4,0.5,0.3512,"not.fraudulent"
21.61,0.59,0.2,0.118,0.69,0.2,0.138,1.28,5,1,0,0.2,0,2,0.2,0.4,0,0.2,0,2,1.656,0.4,0.5,0.3312,"not.fraudulent"
21.61,0.61,0.2,0.122,0.63,0.2,0.126,1.24,5,1,0,0.2,0,2,0.2,0.4,0,0.2,0,2,1.648,0.402303999339318,0.5,0.3296,"not.fraudulent"
21.61,0.72,0.2,0.144,0.8,0.2,0.16,1.52,5,1.00149545772187,0.02,0.2,0.004,2,0.2,0.4,0,0.2,0,2,1.708,0.4,0.5,0.3416,"not.fraudulent"
21.61,0.98,0.2,0.196,1.14,0.4,0.456,2.12,5,1,0,0.2,0,2,0.2,0.4,0,0.2,0,2.6,2.052,0.4,0.5,0.4104,"not.fraudulent"
21.61,0.56,0.2,0.112,0.63,0.2,0.126,1.19,5,1,0.09,0.2,0.018,2,0.2,0.4,0,0.2,0,2,1.656,0.4,0.5,0.3312,"not.fraudulent"
21.61,0.63,0.2,0.126,0.69,0.2,0.138,1.32,5,1,0.32,0.2,0.064,2,0.2,0.4,0,0.2,0,2,1.728,0.4,0.5,0.3456,"not.fraudulent"
21.61,0.286311820693394,0.2,0.074,0.46,0.2,0.092,0.83,5,1,0,0.2,0,2,0.2,0.4,0,0.2,0,2,1.566,0.4,0.5,0.3132,"not.fraudulent"
21.61,0,0.2,0,0,0.2,0,0,5,1,0,0.2,0,2,0.2,0.4,0,0.2,0,2,1.4,0.4,0.5,0.28,"not.fraudulent"
21.61,0.29,0.2,0.058,0.33,0.2,0.066,0.62,5,1,0,0.2,0,2,0.2,0.4,0,0.2,0,2,1.524,0.4,0.5,0.3048,"not.fraudulent"
24.6753467320261,0.67,0.2,0.134,0.76,0.2,0.152,1.43,5,1,0,0.2,0,2,0.2,0.4,0,0.2,0,2,1.686,0.4,0.5,0.3372,"not.fraudulent"
21.61,0.43,0.2,0.086,0,0.2,0,0.43,5,1,0,0.2,0,2,0.2,0.4,0,0.2,0,2,1.486,0.4,0.5,0.2972,"not.fraudulent"
21.61,0.84,0.2,0.168,1.09,0.4,0.436,1.93,5,1,0,0.2,0,2,0.2,0.4,0,0.2,0,2.6,2.004,0.4,0.5,0.4008,"not.fraudulent"
21.61,0.52,0.2,0.103816965569782,0.68,0.2,0.136,1.2,5,1,0,0.2,0,2,0.2,0.4,0,0.2,0,2,1.64,0.4,0.5,0.328,"not.fraudulent"
21.61,0.19,0.2,0.038,0.23,0.2,0.046,0.42,5,1,0,0.2,0,2,0.2,0.4,0,0.2,0,2,1.484,0.4,0.5,0.2968,"not.fraudulent"
21.61,0.27,0.2,0.054,0.35,0.2,0.07,0.62,5,1,0,0.2,0,2,0.2,0.4,0,0.2,0,2,1.524,0.4,0.5,0.3048,"not.fraudulent"
21.61,0.34,0.2,0.068,0.27,0.2,0.054,0.61,5,1,0,0.2,0,2,0.2,0.4,0,0.2,0,2,1.522,0.402303999339318,0.5,0.3044,"not.fraudulent"
21.61,0,0.2,0,0,0.2,0,0,5,1,0.03,0.2,0.006,2,0.2,0.4,0,0.2,0,2,1.406,0.4,0.5,0.2812,"not.fraudulent"
21.61,0,0.2,0,0,0.2,0,0,5,1,0,0.2,0,2,0.2,0.4,0,0.2,0,2,1.4,0.4,0.5,0.28,"not.fraudulent"
59.85,1.94,0.4,0.776,6.69,0.6,4.014,8.63,5.5,2.2,13.3,0.6,7.98,6,0.242698412698412,1.2,1,0.4,0.4,4.8,16.57,1.6,0.5,13.256,"fraudulent"
59.85,0,0.2,0,0,0.2,0,0,5,1,0.428890860190197,0.2,0.058,2,0.2,0.4,0,0.2,0,2,1.458,0.4,0.5,0.2916,"not.fraudulent"
59.85,0,0.2,0,0,0.2,0,0,5,1,3.3,0.2,0.66,2,0.2,0.4,0,0.2,0,2,2.06,0.4,0.5,0.412,"not.fraudulent"
59.85,0,0.2,0,0,0.2,0,0,5,1,1.44,0.2,0.288,2,0.2,0.4,0,0.2,0,2,1.688,0.4,0.5,0.3376,"not.fraudulent"
59.85,0.03,0.2,0.006,0,0.2,0,0.03,5,1,0.428890860190197,0.2,0.332,2,0.2,0.4,0,0.2,0,2,1.738,0.4,0.5,0.3476,"not.fraudulent"
59.85,0,0.2,0,0,0.2,0,0,5,1,0.19,0.2,0.038,2,0.2,0.4,0,0.2,0,2,1.438,0.4,0.5,0.2876,"not.fraudulent"
59.85,0,0.2,0,0,0.2,0,0,5,1,0.7,0.2,0.14,2,0.2,0.4,0,0.2,0,2,1.54,0.4,0.5,0.308,"not.fraudulent"
59.85,0.03,0.2,0.006,0,0.2,0,0.03,5,1,1.22,0.2,0.244,2,0.2,0.4,0,0.2,0,2,1.65,0.4,0.5,0.33,"not.fraudulent"
59.85,0,0.2,0,0,0.2,0,0,5,1,2.86,0.2,0.572,2,0.2,0.4,0,0.2,0,2,1.972,0.4,0.5,0.3944,"not.fraudulent"
59.85,0.07,0.2,0.103816965569782,0,0.2,0,0.07,5,1,10.4,0.6,6.24,2,0.2,0.4,0,0.2,0,2.4,7.654,0.4,0.5,1.5308,"fraudulent"
59.85,0.15,0.2,0.03,0,0.200289855072463,0,0.15,5,1,0.05,0.2,0.01,2,0.2,0.4,0,0.2,0,2,1.44,0.4,0.5,0.288,"not.fraudulent"
59.85,0,0.2,0.103816965569782,0,0.2,0,0,5,1,0,0.2,0,2,0.2,0.4,0,0.2,0,2,1.4,0.4,0.5,0.28,"not.fraudulent"
59.85,0.01,0.2,0.002,0,0.2,0,0.01,5,1,0.6,0.2,0.12,2,0.2,0.4,0,0.2,0,2,1.522,0.4,0.5,0.3044,"not.fraudulent"
59.85,0.15,0.2,0.03,0,0.200289855072463,0,0.15,5,1,0,0.2,0,2,0.2,0.4,0,0.2,0,2,1.43,0.4,0.5,0.286,"not.fraudulent"
59.85,0.06,0.2,0.012,0,0.2,0,0.06,5,1,0,0.2,0,2,0.2,0.4,0,0.2,0,2,1.412,0.4,0.5,0.2824,"not.fraudulent"
59.85,0.3,0.2,0.06,0,0.2,0.182530341258297,0.3,5,1,0,0.2,0,2,0.2,0.4,0,0.2,0,2,1.46,0.4,0.5,0.292,"not.fraudulent"
59.85,0,0.2,0,0,0.2,0,0,5,1,0,0.2,0,2,0.2,0.4,0,0.2,0,2,1.4,0.4,0.5,0.28,"not.fraudulent"
59.85,0,0.2,0,0,0.2,0,0,5,1,0,0.2,0,2,0.2,0.4,0,0.2,0,2,1.4,0.4,0.5,0.28,"not.fraudulent"
59.85,0.48,0.2,0.096,0,0.2,0,0.48,5,1,0,0.2,0,2,0.2,0.4,0,0.2,0,2,1.496,0.4,0.5,0.2992,"not.fraudulent"
59.85,0.21,0.2,0.042,0,0.2,0.182530341258297,0.21,5,1,0.33,0.2,0.066,4,0.2,0.8,0,0.2,0,2.2,1.908,0.8,0.5,0.7632,"not.fraudulent"
59.85,0.04,0.2,0.008,0,0.2,0,1.13920872411133,5,1,0.22,0.2,0.044,2,0.2,0.4,0,0.2,0,2,1.452,0.4,0.5,0.2904,"not.fraudulent"
59.85,0,0.2,0,0.22,0.2,0.044,0.22,5,1,0,0.2,0,2,0.2,0.4,0,0.2,0,2,1.444,0.4,0.5,0.2888,"not.fraudulent"
59.85,0,0.2,0,0,0.2,0,0,5,1,0,0.2,0,2,0.2,0.4,0,0.2,0,2,1.4,0.4,0.5,0.28,"not.fraudulent"
55.57,0,0.2,0,1.96,0.4,0.784,1.96,5,1,0.4,0.2,0.08,2,0.2,0.4,0,0.2,0,2.6,2.264,0.4,0.5,0.4528,"not.fraudulent"
55.57,2.24,0.6,1.344,9.31287305312494,0.6,4.356,9.5,5,1,0.24,0.2,0.048,2,0.2,0.4,0,0.2,0,3.6,7.148,0.4,0.5,1.4296,"fraudulent"
55.57,0.62,0.2,0.124,0.503142863237715,0.2,0.084,1.04,5,1,0,0.2,0,2,0.2,0.4,0,0.2,0,2,1.608,0.4,0.5,0.3216,"not.fraudulent"
55.57,1.7,0.4,0.68,5.91,0.6,3.546,7.61,5,1,3.68,0.2,0.736,4,0.2,0.8,0,0.2,0,3.6,8.25320027204738,0.8,0.5,2.7048,"fraudulent"
55.57,0,0.2,0,0,0.2,0,0,5.5,1.9507378819643,85.05,0.6,51.03,6,0.2,1.2,0,0.2,0,3.2,54.43,1.2,0.5,32.658,"fraudulent"
55.57,2.59,0.6,1.554,111.9,0.6,67.14,114.49,5,1,8.47,0.4,3.388,6,0.2,1.2,0,0.2,0,3.99481792717087,74.282,1.2,0.5,44.5692,"fraudulent"
55.57,6.48,0.6,3.888,43.08,0.6,25.848,49.56,5,1,65.2423464035964,0.6,151.872,6,0.2,1.2,2,0.6,1.2,4.8,185.008,2.4,0.5,222.0096,"fraudulent"
55.57,0.7,0.2,0.14,0.19,0.2,0.182530341258297,0.89,5,1,0,0.2,0,2,0.2,0.4,0,0.2,0,2,1.578,0.4,0.5,0.3156,"not.fraudulent"
55.57,1.59,0.4,0.636,0.13,0.2,0.026,1.72,5,1,0.11,0.2,0.022,2,0.2,0.4,0,0.2,0,2.2,2.084,0.4,0.5,0.4168,"not.fraudulent"
55.57,0,0.2,0,0,0.2,0,0,5,1,0.02,0.2,0.004,2,0.2,0.4,0,0.2,0,2,1.404,0.4,0.5,0.2808,"not.fraudulent"
55.57,2.54,0.6,1.524,5.52,0.6,3.312,8.06,5,1,0.49,0.2,0.098,2,0.2,0.4,0,0.2,0,3.6,6.334,0.4,0.5,1.2668,"fraudulent"
55.57,0,0.2,0,0.503142863237715,0.2,0,0,5,1,0,0.2,0,2,0.2,0.4,0,0.2,0,2,1.4,0.4,0.5,0.28,"not.fraudulent"
55.57,3.1,0.6,1.86,4.66,0.6,2.796,7.76,5,1,0.59,0.2,0.145287373797091,2,0.2,0.4,0,0.2,0,3.6,6.174,0.4,0.5,1.2348,"fraudulent"
55.57,0.79,0.2,0.158,0.46,0.2,0.092,1.25,5,1,0.28,0.2,0.056,2,0.2,0.4,0,0.2,0,2,1.706,0.4,0.5,0.3412,"not.fraudulent"
55.57,0.38,0.2,0.076,0.09,0.2,0.018,0.47,5,1,0,0.2,0,2,0.2,0.4,0,0.2,0,2,1.494,0.4,0.5,0.2988,"not.fraudulent"
55.57,1.26,0.4,0.504,1.58,0.4,0.632,2.84,5,1,6.5,0.4,2.6,2,0.2,0.4,0,0.2,0,3,5.136,0.4,0.5,1.0272,"fraudulent"
55.57,1.24,0.4,0.496,2.27,0.6,1.362,3.51,5,1,0,0.2,0,6,0.2,1.2,0,0.2,0,3.8,4.058,1.2,0.5,2.4348,"fraudulent"
55.57,6e-04,0.2,0.00012,1.11,0.4,0.444,1.1106,5,1,0,0.2,0,6,0.2,1.2,0,0.2,0,3,2.64412,1.2,0.5,1.586472,"fraudulent"
55.57,1.49,0.4,0.596,2.34,0.6,1.404,3.83,5,1,0.25,0.2,0.05,2,0.2,0.4,0,0.2,0,3.4,3.45,0.4,0.5,0.69,"not.fraudulent"
55.57,1.27,0.4,0.508,2,0.6,1.2,3.27,5,1,0.18,0.2,0.036,2,0.2,0.4,0,0.2,0,3.4,3.144,0.4,0.5,0.6288,"not.fraudulent"
55.57,0.69,0.2,0.138,0.81,0.2,0.162,1.5,5,1,0,0.2,0,2,0.2,0.4,0,0.2,0,2,1.7,0.4,0.5,0.34,"not.fraudulent"
55.57,1.85,0.4,0.74,4.16,0.6,2.496,6.01,5,1,1.65,0.2,0.33,2,0.2,0.4,0,0.2,0,3.4,4.966,0.4,0.5,0.9932,"not.fraudulent"
55.57,2.45,0.6,1.47,5.47,0.6,3.282,7.92,5,1,5.61,0.4,2.244,2,0.2,0.4,0,0.2,0,3.8,8.396,0.4,0.5,1.6792,"fraudulent"
55.57,0.54,0.2,0.108,0.67,0.2,0.134,1.21,5,1,0,0.2,0,2,0.2,0.4,0,0.2,0,2,1.642,0.4,0.5,0.3284,"not.fraudulent"
55.57,1.45,0.4,0.58,5.79,0.6,3.474,7.24,5,1.00149545772187,0.69,0.2,0.138,2,0.2,0.4,0,0.2,0,3.4,5.592,0.4,0.5,1.1184,"fraudulent"
55.57,0.84,0.2,0.168,0,0.2,0,0.84,5,1,0,0.2,0,2,0.2,0.4,0,0.2,0,2.02357081445395,1.568,0.4,0.5,0.3136,"not.fraudulent"
55.57,0,0.2,0,0,0.200289855072463,0,0,5,1,0,0.2,0,2,0.2,0.4,0,0.2,0,2,1.4,0.4,0.5,0.28,"not.fraudulent"
55.57,0.11,0.2,0.022,0,0.2,0,0.11,5,1,0,0.2,0,2,0.2,0.4,0,0.2,0,2.02357081445395,1.422,0.4,0.5,0.2844,"not.fraudulent"
55.57,0.49,0.2,0.098,0,0.2,0,0.49,5,1,0,0.2,0,2,0.2,0.4,0,0.2,0,2,1.498,0.4,0.5,0.2996,"not.fraudulent"
55.57,0.41,0.2,0.082,0,0.2,0,0.41,5,1.00149545772187,0,0.2,0,2,0.2,0.4,0,0.2,0,2,1.482,0.4,0.5,0.2964,"not.fraudulent"
55.57,0.87,0.2,0.174,0,0.2,0,0.87,5,1,0.1,0.2,0.02,2,0.2,0.4,0,0.2,0,2,1.594,0.4,0.5,0.3188,"not.fraudulent"
55.57,0.5,0.2,0.1,0,0.2,0,0.5,5,1,0,0.2,0,2,0.2,0.4,0,0.2,0,2,1.5,0.4,0.5,0.3,"not.fraudulent"
55.57,0,0.2,0,0.03,0.2,0.006,0.03,5,1,0,0.2,0,2,0.2,0.4,0,0.2,0,2,2.29436937722535,0.4,0.5,0.2812,"not.fraudulent"
55.57,0.84,0.2,0.168,0,0.2,0,0.84,5,1,0,0.2,0,4,0.2,0.76991452991453,0,0.2,0,2.2,1.968,0.8,0.5,0.7872,"not.fraudulent"
55.57,0.49,0.2,0.098,4.78,0.6,2.868,5.27,5,1,0,0.2,0,2,0.2,0.4,0,0.2,0,3.2,4.366,0.4,0.5,0.8732,"not.fraudulent"
55.57,0.67,0.2,0.134,0.41,0.200289855072463,0.082,1.08,5,1,0.99,0.2,0.198,4,0.2,0.8,0,0.2,0,2.2,2.214,0.8,0.5,0.8856,"not.fraudulent"
55.57,0.45,0.2,0.09,8.27,0.6,4.962,8.72,5,1,9.43,0.4,3.772,4,0.2,0.8,0.0392857142857143,0.2,0,3.6,10.624,0.8,0.5,4.2496,"fraudulent"
55.57,0,0.2,0,0,0.2,0,0,5,1,0,0.2,0,4,0.2,0.8,0,0.2,0,2.2,1.8,0.8,0.5,0.72,"not.fraudulent"
55.57,0.68,0.2,0.136,0,0.2,0,0.68,5,1,0,0.2,0,4,0.2,0.8,0,0.2,0,2.2,1.936,0.8,0.5,0.7744,"not.fraudulent"
55.57,1.67,0.4,0.668,0,0.2,0,1.67,5,1,0.06,0.2,0.012,4,0.2,0.8,0,0.2,0,2.4,2.48,0.8,0.5,0.992,"not.fraudulent"
55.57,1.05,0.4,0.42,2.17,0.6,1.302,3.22,5,1,0,0.2,0,4,0.2,0.8,0,0.2,0,3.6,3.522,0.8,0.5,1.4088,"fraudulent"
55.57,0.74,0.2,0.148,0,0.2,0,0.74,5,1,0,0.2,0,6,0.2,1.2,0,0.2,0,2.4,2.348,1.2,0.5,1.4088,"fraudulent"
55.57,0.51,0.2,0.102,1.36,0.4,0.544,1.87,5,1,0,0.2,0,2,0.2,0.4,0,0.2,0,2.6,2.046,0.4,0.5,0.4092,"not.fraudulent"
55.57,0,0.2,0,1.3,0.4,0.52,1.3,5,1,0,0.2,0,2,0.2,0.4,0,0.2,0,2.6,1.92,0.4,0.5,0.384,"not.fraudulent"
55.57,0.49,0.2,0.098,0,0.2,0,0.49,5,1,0,0.2,0,2,0.2,0.4,0,0.2,0,2,1.498,0.4,0.5,0.2996,"not.fraudulent"
55.57,0.73,0.2,0.146,0,0.2,0,0.73,5,1,0,0.2,0,2,0.2,0.4,0,0.2,0,2,1.546,0.4,0.5,0.3092,"not.fraudulent"
55.57,0.32,0.2,0.064,0,0.2,0,0.32,5,1.00149545772187,0,0.2,0,2,0.4,0.8,0,0.2,0,2.2,1.864,0.8,0.5,0.7456,"not.fraudulent"
55.57,1.63,0.4,0.652,0,0.2,0,1.63,5,1,0,0.2,0,2,0.2,0.4,0,0.2,0,2.2,2.052,0.4,0.5,0.4104,"not.fraudulent"
55.57,0.286311820693394,0.2,0,0,0.2,0,0,5,1,0,0.2,0,2,0.2,0.4,0,0.2,0,2,1.4,0.4,0.5,0.28,"not.fraudulent"
55.57,0.83,0.2,0.166,0,0.2,0,0.83,5,1,0,0.2,0,2,0.2,0.4,0,0.2,0,2,1.566,0.4,0.5,0.3132,"not.fraudulent"
55.57,0.57,0.2,0.114,0.503142863237715,0.4,0.504,1.83,5,1,0.1,0.2,0.02,2,0.2,0.4,0,0.2,0,2.6,2.038,0.4,0.5,0.4076,"not.fraudulent"
55.57,0.71,0.2,0.142,0,0.2,0,0.71,5,1,0,0.2,0,2,0.2,0.4,0,0.2,0,2,1.542,0.4,0.5,0.3084,"not.fraudulent"
55.57,0.15,0.2,0.03,0,0.2,0,0.15,5,1,0,0.2,0,2,0.2,0.4,0,0.2,0,2,1.43,0.4,0.5,0.286,"not.fraudulent"
55.57,1.26,0.4,0.504,0,0.2,0,1.26,5,1,0,0.2,0,2,0.2,0.4,0,0.2,0,2.2,1.904,0.4,0.5,0.3808,"not.fraudulent"
55.57,0,0.2,0,0,0.2,0,0,5,1,0.01,0.2,0.002,2,0.2,0.4,0,0.2,0,2,1.402,0.4,0.5,0.2804,"not.fraudulent"
55.57,0,0.2,0,0,0.2,0,0,5,1,0,0.2,0,2,0.2,0.4,0,0.2,0,2,1.4,0.4,0.5,0.28,"not.fraudulent"
55.57,0,0.2,0,0,0.2,0,0,5,1,0,0.2,0,2,0.2,0.4,0,0.2,0,2,2.29436937722535,0.4,0.5,0.28,"not.fraudulent"
55.57,0.09,0.2,0.018,0,0.2,0,0.09,5,1.00149545772187,0,0.2,0,2,0.2,0.4,0,0.2,0,2,1.418,0.4,0.5,0.2836,"not.fraudulent"
55.57,0.51,0.2,0.102,0.03,0.2,0.006,0.54,5,1,0.428890860190197,0.2,0,2,0.2,0.4,0,0.2,0,2,1.508,0.4,0.5,0.3016,"not.fraudulent"
55.57,0.49,0.2,0.098,0,0.2,0,0.49,5,1,0.02,0.2,0.004,2,0.2,0.4,0,0.2,0,2,1.502,0.4,0.5,0.3004,"not.fraudulent"
55.57,1.1,0.4,0.44,0,0.2,0,1.1,5,1,0,0.2,0,2,0.2,0.4,0,0.2,0,2.2,2.29436937722535,0.4,0.5,0.368,"not.fraudulent"
55.57,1.14,0.4,0.456,0,0.2,0,1.14,5,1,0,0.2,0,4,0.2,0.76991452991453,0,0.2,0,2.4,2.256,0.8,0.5,0.9024,"not.fraudulent"
55.57,0,0.2,0,0,0.2,0,0,5,1,0,0.2,0,2,0.2,0.4,0,0.2,0,2,1.4,0.4,0.5,0.28,"not.fraudulent"
55.57,2.3,0.6,1.38,0,0.2,0,2.33181606606231,5,1,0,0.2,0,2,0.2,0.4,0,0.2,0,2.4,2.78,0.4,0.5,0.556,"not.fraudulent"
55.57,1.6,0.4,0.64,0.49,0.2,0.098,2.09,5,1,88.34,0.6,53.004,2,0.2,0.4,0,0.2,0,2.6,55.142,0.4,0.5,11.0284,"fraudulent"
55.57,1.49,0.4,0.596,0,0.2,0,1.49,5,1,0,0.2,0,2,0.2,0.4,0,0.2,0,2.2,1.996,0.4,0.5,0.3992,"not.fraudulent"
55.57,0.42,0.2,0.084,0,0.200289855072463,0,0.42,5,1,0,0.2,0,2,0.2,0.4,0,0.2,0,2,1.484,0.4,0.5,0.2968,"not.fraudulent"
55.57,1.39,0.4,0.556,0,0.2,0,1.39,5,1.00149545772187,0,0.2,0,2,0.2,0.4,0,0.2,0,2.2,1.956,0.4,0.5,0.3912,"not.fraudulent"
55.57,0.07,0.2,0.014,0,0.2,0,0.07,5,1,0.428890860190197,0.2,0,2,0.2,0.4,0,0.2,0,2,1.414,0.4,0.5,0.2828,"not.fraudulent"
55.57,0.49,0.2,0.098,0.4,0.2,0.08,0.89,5,1,0,0.2,0,2,0.2,0.4,0,0.2,0,2,1.578,0.4,0.5,0.3156,"not.fraudulent"
55.57,0.88,0.2,0.176,0.54,0.2,0.108,1.42,5,1,0.11,0.2,0.022,2,0.2,0.4,0,0.2,0,2,1.706,0.4,0.5,0.3412,"not.fraudulent"
55.57,0,0.2,0,1.74,0.4,0.696,1.74,5,1.00149545772187,0,0.2,0,2,0.2,0.4,0,0.2,0,2.6,2.096,0.4,0.5,0.4192,"not.fraudulent"
55.57,1.28,0.4,0.512,0,0.2,0,1.28,5,1,0.22,0.2,0.044,2,0.2,0.4,0,0.2,0,2.2,1.956,0.4,0.5,0.3912,"not.fraudulent"
55.57,0,0.2,0,0,0.2,0,0,5,1,0,0.2,0,2,0.2,0.4,0,0.2,0,2,1.4,0.4,0.5,0.28,"not.fraudulent"
55.57,0,0.2,0,0,0.2,0,0,5,1,0,0.2,0,2,0.2,0.4,0,0.2,0,2,1.4,0.4,0.5,0.28,"not.fraudulent"
55.57,0.21,0.2,0.042,0,0.2,0,0.21,5,1,0,0.2,0,2,0.2,0.4,0,0.2,0,2,1.442,0.4,0.5,0.2884,"not.fraudulent"
55.57,0.92,0.2,0.103816965569782,0,0.2,0,0.92,5,1,0,0.2,0,2,0.2,0.4,0,0.2,0,2,1.584,0.4,0.5,0.3168,"not.fraudulent"
55.57,0.17,0.2,0.034,0,0.2,0,0.17,5,1,0,0.2,0,2,0.2,0.4,0,0.2,0,2,1.434,0.4,0.5,0.2868,"not.fraudulent"
55.57,0.26,0.2,0.052,0.0021,0.2,0.00042,0.2621,5,1,0,0.2,0,2,0.2,0.4,0,0.2,0,2,1.45242,0.4,0.5,0.290484,"not.fraudulent"
55.57,0.98,0.2,0.196,0,0.2,0,0.98,5,1,0,0.2,0,2,0.2,0.4,0,0.2,0,2,1.596,0.4,0.5,0.3192,"not.fraudulent"
55.57,0.41,0.2,0.082,0.11,0.2,0.022,0.52,5,1,0,0.2,0,2,0.2,0.4,0,0.2,0,2,1.504,0.4,0.5,0.3008,"not.fraudulent"
55.57,0.82,0.2,0.164,2.92,0.505802994107342,1.752,3.74,5,1,0,0.2,0,2,0.2,0.4,0,0.2,0,3.2,3.316,0.4,0.5,0.6632,"not.fraudulent"
55.57,0,0.2,0,11.68,0.6,7.008,11.68,5,1,0,0.2,0,2,0.2,0.4,0,0.2025,0,3.2,8.408,0.4,0.5,1.6816,"fraudulent"
55.57,0.62,0.2,0.124,0.47,0.2,0.094,1.09,5,1,0.58,0.2,0.116,2,0.2,0.4,0,0.2,0,2,1.734,0.4,0.5,0.3468,"not.fraudulent"
55.57,0,0.2,0,0,0.2,0,0,5,1,3.57,0.2,0.714,2,0.2,0.4,0,0.2,0,2,2.114,0.4,0.5,0.4228,"not.fraudulent"
55.57,0,0.2,0,0,0.2,0,0,5,1,0,0.2,0,2,0.2,0.4,0,0.2,0,2,1.4,0.4,0.5,0.28,"not.fraudulent"
55.57,1.08,0.4,0.432,0,0.2,0,1.08,5,1,0,0.2,0,2,0.2,0.4,0,0.2,0,2.08189819540633,1.832,0.4,0.5,0.3664,"not.fraudulent"
55.57,0.7,0.2,0.14,0,0.2,0,0.7,5,1,0,0.2,0,2,0.2,0.4,0,0.2,0,2,1.54,0.4,0.5,0.308,"not.fraudulent"
55.57,1.36,0.4,0.544,0,0.200289855072463,0,1.36,5,1,0,0.2,0,2,0.2,0.4,0,0.2,0,2.2,1.944,0.4,0.5,0.3888,"not.fraudulent"
55.57,0.33,0.2,0.066,0.0013,0.2,0.00026,0.3313,5,1,0,0.2,0,2,0.2,0.4,0,0.2,0,2,1.46626,0.4,0.5,0.293252,"not.fraudulent"
55.57,0,0.2,0,0,0.2,0,0,5,1.00149545772187,0,0.2,0,2,0.2,0.4,0,0.2,0,2,1.4,0.4,0.5,0.28,"not.fraudulent"
55.57,0.6,0.2,0.12,0,0.2,0,0.6,5,1,0,0.2,0,2,0.2,0.4,0,0.2,0,2,1.52,0.4,0.5,0.304,"not.fraudulent"
55.57,0.76,0.2,0.152,0,0.2,0,0.76,5,1,0,0.2,0,2,0.2,0.4,0,0.2,0,2,1.552,0.4,0.5,0.3104,"not.fraudulent"
55.57,0,0.2,0,2.99,0.6,1.794,2.99,5,1,0.06,0.2,0.012,2,0.2,0.4,0,0.2,0,3.2,3.206,0.4,0.5,0.6412,"not.fraudulent"
55.57,0,0.2,0,0,0.200289855072463,0,0,5,1,0,0.2,0,2,0.2,0.4,0,0.2,0,2,1.4,0.4,0.5,0.28,"not.fraudulent"
55.57,0.41,0.2,0.082,0,0.2,0,1.13920872411133,5,1,0,0.2,0,2,0.2,0.4,0,0.2,0,2,1.482,0.4,0.5,0.2964,"not.fraudulent"
55.57,0,0.2,0,0,0.2,0,0,5,1,0,0.2,0,2,0.2,0.4,0,0.2,0,2,1.4,0.4,0.5,0.28,"not.fraudulent"
55.57,0.82,0.2,0.164,0,0.2,0,0.82,5,1,0,0.2,0,2,0.2,0.4,0,0.2,0,2,1.564,0.4,0.5,0.3128,"not.fraudulent"
55.57,0,0.2,0,0,0.2,0,0,5,1,0,0.2,0,2,0.2,0.4,0,0.2,0,2,1.4,0.4,0.5,0.28,"not.fraudulent"
55.57,1.06,0.4,0.424,0.63,0.2,0.126,1.69,5,1,0.9,0.2,0.18,6,0.2,1.2,0,0.2,0,2.6,2.93,1.2,0.5,1.758,"fraudulent"
26.7340106957402,0,0.2,0,0,0.2,0,0,5,1,0,0.2,0,2,0.2,0.4,0,0.2,0,2,1.4,0.4,0.5,0.28,"not.fraudulent"
55.57,0,0.2,0,0,0.2,0,0,5,1,0,0.2,0,2,0.2,0.4,0,0.2,0,2,1.4,0.4,0.5,0.28,"not.fraudulent"
55.57,0.51,0.2,0.102,1.63,0.4,0.652,2.14,5,1,1.8,0.2,0.36,2,0.2,0.4,0,0.2,0,2.6,2.514,0.4,0.5,0.5028,"not.fraudulent"
55.57,1.06,0.4,0.424,0,0.2,0,1.06,5,1,0,0.2,0,2,0.2,0.4,0,0.2,0,2.2,1.824,0.4,0.5,0.3648,"not.fraudulent"
55.57,1.6,0.4,0.64,0,0.2,0,1.6,5,1,0,0.2,0,2,0.2,0.4,0,0.2,0,2.2,2.04,0.4,0.5,0.408,"not.fraudulent"
55.57,0.47,0.2,0.094,0.46,0.2,0.092,1.13920872411133,5,1,0.42,0.2,0.084,2,0.2,0.4,0,0.2,0,2,1.67,0.4,0.5,0.334,"not.fraudulent"
55.57,0,0.2,0,0,0.2,0,0,5,1,0.02,0.2,0.004,2,0.2,0.4,0,0.2,0,2,1.404,0.4,0.5,0.2808,"not.fraudulent"
55.57,0,0.2,0,1.29,0.4,0.516,1.29,5,1,0,0.2,0,2,0.2,0.4,0,0.2,0,2.6,1.916,0.4,0.5,0.3832,"not.fraudulent"
55.57,0.7,0.2,0.14,0.79,0.2,0.158,1.49,5.5,2.2,1.91,0.2,0.382,2,0.2,0.4,0,0.2,0,2.4,3.28,0.4,0.5,0.656,"not.fraudulent"
55.57,0.2,0.2,0.04,0,0.2,0,0.2,5,1,0,0.2,0,2,0.2,0.4,0,0.2,0,2,1.44,0.4,0.5,0.288,"not.fraudulent"
55.57,1.4,0.4,0.56,0.06,0.2,0.012,1.46,5,1.00149545772187,0,0.2,0,2,0.2,0.4,0,0.2,0,2.2,1.972,0.4,0.5,0.3944,"not.fraudulent"
55.57,0.4,0.2,0.08,0.0025,0.2,5e-04,0.4025,5,1,0,0.2,0,2,0.2,0.4,0,0.2,0,2,1.4805,0.4,0.5,0.2961,"not.fraudulent"
55.57,0.85,0.2,0.17,1,0.4,0.4,1.85,5,1,0.4,0.2,0.08,2,0.2,0.4,0,0.2,0,2.6,2.05,0.4,0.5,0.41,"not.fraudulent"
14.0935818625819,0,0.2,0,0.88,0.2,0.176,0.88,5,1,0.07,0.2,0.014,2,0.2,0.4,0,0.2,0,2,1.59,0.4,0.5,0.318,"not.fraudulent"
55.57,0,0.2,0,0,0.2,0,0,5,1,0,0.2,0,2,0.2,0.4,0,0.2,0,2,1.4,0.4,0.5,0.28,"not.fraudulent"
55.57,1.28,0.4,0.512,0,0.2,0,1.28,5,1,0,0.2,0,2,0.2,0.4,0,0.2,0,2.2,1.912,0.4,0.5,0.538966473132492,"not.fraudulent"
55.57,0,0.2,0,0.503142863237715,0.2,0,0,5,1,0,0.2,0,2,0.2,0.4,0,0.2,0,2,1.4,0.4,0.5,0.28,"not.fraudulent"
55.57,1.06,0.4,0.424,1.6,0.4,0.64,2.66,5,1,16.09,0.6,9.654,2,0.2,0.4,0,0.2,0,3.2,12.118,0.4,0.5,2.4236,"fraudulent"
55.57,0.25,0.2,0.05,0.0017,0.2,0.00034,0.2517,5,1,0,0.2,0,2,0.2,0.4,0,0.2,0,2,1.45034,0.4,0.5,0.290068,"not.fraudulent"
55.57,0,0.2,0,0,0.2,0,0,5,1,0,0.2,0,2,0.2,0.4,0,0.2,0,2,2.29436937722535,0.4,0.5,0.28,"not.fraudulent"
55.57,0.84,0.2,0.168,0,0.2,0,0.84,5,1,0,0.2,0,2,0.2,0.4,0,0.2,0,2,1.568,0.4,0.5,0.3136,"not.fraudulent"
55.57,1.29,0.4,0.516,0,0.2,0,1.29,5,1,0,0.2,0,2,0.2,0.4,0,0.2,0,2.2,1.916,0.4,0.5,0.3832,"not.fraudulent"
55.57,0.51,0.2,0.102,0.37,0.2,0.074,0.88,5,1,0,0.2,0,2,0.2,0.4,0,0.2,0,2,1.576,0.4,0.5,0.3152,"not.fraudulent"
55.57,0.09,0.2,0.018,0,0.2,0,0.09,5,1,0,0.2,0,2,0.2,0.4,0,0.2,0,2,1.418,0.4,0.5,0.2836,"not.fraudulent"
55.57,0.39,0.2,0.078,0.91,0.2,0.182,1.3,5,1.00149545772187,0,0.2,0,2,0.2,0.4,0,0.2,0,2,1.66,0.4,0.5,0.332,"not.fraudulent"
55.57,1.07,0.4,0.428,0.503142863237715,0.2,0,1.07,5,1,0,0.2,0,2,0.2,0.4,0,0.2,0,2.2,1.828,0.4,0.5,0.3656,"not.fraudulent"
55.57,0.5,0.2,0.1,2.97,0.6,1.782,3.47,5,1,0.18,0.2,0.036,2,0.2,0.4,0,0.2,0,3.2,3.318,0.4,0.5,0.6636,"not.fraudulent"
55.57,0.49,0.2,0.098,0.55,0.2,0.11,1.04,5,1,0,0.2,0,2,0.2,0.4,0,0.2,0,2,1.608,0.4,0.5,0.3216,"not.fraudulent"
55.57,0.84,0.2,0.168,0.65,0.2,0.13,1.49,5,1,0,0.2,0,2,0.2,0.4,0,0.2,0,2,1.698,0.4,0.5,0.3396,"not.fraudulent"
55.57,0,0.2,0,0,0.2,0,0,5,1,0,0.2,0,2,0.2,0.4,0,0.2,0,2,1.4,0.4,0.5,0.28,"not.fraudulent"
55.57,0.59,0.2,0.118,0,0.2,0,0.59,5,1,0.428890860190197,0.2,0,2,0.2,0.4,0,0.2,0,2,1.518,0.4,0.5,0.3036,"not.fraudulent"
55.57,1.48,0.4,0.592,4.48,0.6,2.688,5.96,5,1,0,0.2,0,2,0.2,0.4,0,0.2,0,3.4,4.68,0.4,0.5,1.1170323343901,"not.fraudulent"
55.57,0.8,0.2,0.16,0.57,0.2,0.114,1.37,5,1,0,0.2,0,2,0.2,0.4,0,0.2,0,2,1.674,0.4,0.5,0.3348,"not.fraudulent"
55.57,0.36,0.2,0.072,0.54,0.2,0.182530341258297,0.9,5,1,0.21,0.2,0.042,2,0.2,0.4,0,0.2,0,2,1.622,0.4,0.5,0.3244,"not.fraudulent"
55.57,0.44,0.2,0.088,0.53,0.2,0.106,0.97,5,1,0,0.2,0,2,0.2,0.4,0,0.2,0,2,1.594,0.4,0.5,0.3188,"not.fraudulent"
55.57,0.51,0.2,0.102,0.503142863237715,0.2,0.1,1.01,5,1,0.09,0.2,0.018,2,0.2,0.4,0,0.2,0,2,1.62,0.4,0.5,0.324,"not.fraudulent"
55.57,0.75,0.2,0.15,0.45,0.2,0.09,1.2,5,1.00149545772187,0,0.2,0,2,0.2,0.4,0,0.2,0,2,1.64,0.4,0.5,0.328,"not.fraudulent"
55.57,0.47,0.2,0.094,0.37,0.2,0.074,0.84,5,1,0,0.2,0,2,0.2,0.4,0,0.2,0,2,1.568,0.4,0.5,0.3136,"not.fraudulent"
55.57,0.24,0.2,0.048,0.04,0.2,0.008,0.28,5,1,0,0.2,0,2,0.2,0.4,0,0.2,0,2,1.456,0.4,0.5,0.2912,"not.fraudulent"
55.57,0.2,0.2,0.04,0,0.2,0,0.2,5,1,0,0.2,0,2,0.2,0.4,0,0.2,0,2.02357081445395,1.44,0.4,0.5,0.288,"not.fraudulent"
55.57,0,0.2,0,0.503142863237715,0.2,0,0,5,1,0.32,0.2,0.064,2,0.2,0.4,0,0.2,0,2,1.464,0.4,0.5,0.2928,"not.fraudulent"
